event_id,gene_or_locus,event_category,event_subtype,exonic_function,deleterious,patient,met_site,primary_status,met_status,comment,selection_label,Sex,Age,Histology,Sarcomatoid change (Y/N),Overall Stage,Fuhrman Grade,Size of primary tumour (mm),Evolutionary subtype,ITH/WGII group,Progression group,wGII,ITH Index,label
MUC16_19:9066458:G:A,MUC16,SNV_INDEL_DNV,SNV,synonymous SNV,N,K059,THROMBUS_RV,subclonal,,private.to.primary,not_selected,M,47.0,Clear Cell,N,III,3.0,170,PBRM1-->PI3K,C1_Lo_ITH_Lo_WGII,,0.27,1.0,0
COL11A1_1:103467513:G:T,COL11A1,SNV_INDEL_DNV,SNV,nonsynonymous SNV,Y,K059,THROMBUS_RV,subclonal,,private.to.primary,not_selected,M,47.0,Clear Cell,N,III,3.0,170,PBRM1-->PI3K,C1_Lo_ITH_Lo_WGII,,0.27,1.0,0
MTOR_1:11188153:T:C,MTOR,SNV_INDEL_DNV,SNV,nonsynonymous SNV,Y,K059,THROMBUS_RV,subclonal,,private.to.primary,not_selected,M,47.0,Clear Cell,N,III,3.0,170,PBRM1-->PI3K,C1_Lo_ITH_Lo_WGII,,0.27,1.0,0
KMT2C_7:151921519:C:T,KMT2C,SNV_INDEL_DNV,SNV,.,Y,K059,THROMBUS_RV,subclonal,,private.to.primary,not_selected,M,47.0,Clear Cell,N,III,3.0,170,PBRM1-->PI3K,C1_Lo_ITH_Lo_WGII,,0.27,1.0,0
MGAM_7:141795477:C:A,MGAM,SNV_INDEL_DNV,SNV,nonsynonymous SNV,N,K107,THROMBUS_IVC,subclonal,,private.to.primary,not_selected,M,62.0,Clear Cell,Y,IV,4.0,135,BAP1_driven,C3_Lo_ITH_Hi_WGII,Rapid,0.62,0.0,0
MGAM_7:141795477:C:A,MGAM,SNV_INDEL_DNV,SNV,nonsynonymous SNV,N,K107,ADRENAL_IL,subclonal,,private.to.primary,not_selected,M,62.0,Clear Cell,Y,IV,4.0,135,BAP1_driven,C3_Lo_ITH_Hi_WGII,Rapid,0.62,0.0,0
COL11A1_1:103354186:C:T,COL11A1,SNV_INDEL_DNV,SNV,nonsynonymous SNV,Y,K107,THROMBUS_IVC,subclonal,,private.to.primary,not_selected,M,62.0,Clear Cell,Y,IV,4.0,135,BAP1_driven,C3_Lo_ITH_Hi_WGII,Rapid,0.62,0.0,0
COL11A1_1:103354186:C:T,COL11A1,SNV_INDEL_DNV,SNV,nonsynonymous SNV,Y,K107,ADRENAL_IL,subclonal,,private.to.primary,not_selected,M,62.0,Clear Cell,Y,IV,4.0,135,BAP1_driven,C3_Lo_ITH_Hi_WGII,Rapid,0.62,0.0,0
FBN2_5:127623082:G:A,FBN2,SNV_INDEL_DNV,SNV,synonymous SNV,N,K107,THROMBUS_IVC,subclonal,,private.to.primary,not_selected,M,62.0,Clear Cell,Y,IV,4.0,135,BAP1_driven,C3_Lo_ITH_Hi_WGII,Rapid,0.62,0.0,0
FBN2_5:127623082:G:A,FBN2,SNV_INDEL_DNV,SNV,synonymous SNV,N,K107,ADRENAL_IL,subclonal,,private.to.primary,not_selected,M,62.0,Clear Cell,Y,IV,4.0,135,BAP1_driven,C3_Lo_ITH_Hi_WGII,Rapid,0.62,0.0,0
TNFSF18_1:173019997:173019997:A:-,TNFSF18,SNV_INDEL_DNV,INDEL,frameshift deletion,Y,K118,THROMBUS_RV,subclonal,,private.to.primary,not_selected,M,53.0,Clear Cell,N,III,2.0,120,non_driver_subtype,C1_Lo_ITH_Lo_WGII,,0.05,0.0,0
FMN2_1:240370941:T:C,FMN2,SNV_INDEL_DNV,SNV,synonymous SNV,N,K153,LN_PA,subclonal,clonal,shared,selected,M,62.0,Clear Cell,N,IV,4.0,90,BAP1_driven,C4_Hi_ITH_Hi_WGII,Rapid,0.42,5.5,1
FMN2_1:240370941:T:C,FMN2,SNV_INDEL_DNV,SNV,synonymous SNV,N,K153,LUNG,subclonal,clonal,shared,selected,M,62.0,Clear Cell,N,IV,4.0,90,BAP1_driven,C4_Hi_ITH_Hi_WGII,Rapid,0.42,5.5,1
LRRK2_12:40704353:C:T,LRRK2,SNV_INDEL_DNV,SNV,nonsynonymous SNV,Y,K153,LN_PA,subclonal,clonal,shared,selected,M,62.0,Clear Cell,N,IV,4.0,90,BAP1_driven,C4_Hi_ITH_Hi_WGII,Rapid,0.42,5.5,1
LRRK2_12:40704353:C:T,LRRK2,SNV_INDEL_DNV,SNV,nonsynonymous SNV,Y,K153,LN_AC,subclonal,clonal,shared,selected,M,62.0,Clear Cell,N,IV,4.0,90,BAP1_driven,C4_Hi_ITH_Hi_WGII,Rapid,0.42,5.5,1
LRRK2_12:40704353:C:T,LRRK2,SNV_INDEL_DNV,SNV,nonsynonymous SNV,Y,K153,LUNG,subclonal,clonal,shared,selected,M,62.0,Clear Cell,N,IV,4.0,90,BAP1_driven,C4_Hi_ITH_Hi_WGII,Rapid,0.42,5.5,1
BAP1_3:52442588:52442588:T:-,BAP1,SNV_INDEL_DNV,INDEL,frameshift deletion,Y,K153,LN_PA,subclonal,clonal,shared,selected,M,62.0,Clear Cell,N,IV,4.0,90,BAP1_driven,C4_Hi_ITH_Hi_WGII,Rapid,0.42,5.5,1
BAP1_3:52442588:52442588:T:-,BAP1,SNV_INDEL_DNV,INDEL,frameshift deletion,Y,K153,LN_AC,subclonal,clonal,shared,selected,M,62.0,Clear Cell,N,IV,4.0,90,BAP1_driven,C4_Hi_ITH_Hi_WGII,Rapid,0.42,5.5,1
BAP1_3:52442588:52442588:T:-,BAP1,SNV_INDEL_DNV,INDEL,frameshift deletion,Y,K153,LUNG,subclonal,clonal,shared,selected,M,62.0,Clear Cell,N,IV,4.0,90,BAP1_driven,C4_Hi_ITH_Hi_WGII,Rapid,0.42,5.5,1
PBRM1_3:52696272:52696272:T:-,PBRM1,SNV_INDEL_DNV,INDEL,frameshift deletion,Y,K153,LN_PA,subclonal,,private.to.primary,not_selected,M,62.0,Clear Cell,N,IV,4.0,90,BAP1_driven,C4_Hi_ITH_Hi_WGII,Rapid,0.42,5.5,0
PBRM1_3:52696272:52696272:T:-,PBRM1,SNV_INDEL_DNV,INDEL,frameshift deletion,Y,K153,LN_AC,subclonal,,private.to.primary,not_selected,M,62.0,Clear Cell,N,IV,4.0,90,BAP1_driven,C4_Hi_ITH_Hi_WGII,Rapid,0.42,5.5,0
PBRM1_3:52696272:52696272:T:-,PBRM1,SNV_INDEL_DNV,INDEL,frameshift deletion,Y,K153,LUNG,subclonal,,private.to.primary,not_selected,M,62.0,Clear Cell,N,IV,4.0,90,BAP1_driven,C4_Hi_ITH_Hi_WGII,Rapid,0.42,5.5,0
PIK3CA_3:178952085:A:G,PIK3CA,SNV_INDEL_DNV,SNV,nonsynonymous SNV,N,K153,LN_PA,subclonal,,private.to.primary,not_selected,M,62.0,Clear Cell,N,IV,4.0,90,BAP1_driven,C4_Hi_ITH_Hi_WGII,Rapid,0.42,5.5,0
PIK3CA_3:178952085:A:G,PIK3CA,SNV_INDEL_DNV,SNV,nonsynonymous SNV,N,K153,LN_AC,subclonal,,private.to.primary,not_selected,M,62.0,Clear Cell,N,IV,4.0,90,BAP1_driven,C4_Hi_ITH_Hi_WGII,Rapid,0.42,5.5,0
PIK3CA_3:178952085:A:G,PIK3CA,SNV_INDEL_DNV,SNV,nonsynonymous SNV,N,K153,LUNG,subclonal,,private.to.primary,not_selected,M,62.0,Clear Cell,N,IV,4.0,90,BAP1_driven,C4_Hi_ITH_Hi_WGII,Rapid,0.42,5.5,0
SETD2_3:47058737:T:G,SETD2,SNV_INDEL_DNV,SNV,nonsynonymous SNV,Y,K153,LN_PA,subclonal,,private.to.primary,not_selected,M,62.0,Clear Cell,N,IV,4.0,90,BAP1_driven,C4_Hi_ITH_Hi_WGII,Rapid,0.42,5.5,0
SETD2_3:47058737:T:G,SETD2,SNV_INDEL_DNV,SNV,nonsynonymous SNV,Y,K153,LN_AC,subclonal,,private.to.primary,not_selected,M,62.0,Clear Cell,N,IV,4.0,90,BAP1_driven,C4_Hi_ITH_Hi_WGII,Rapid,0.42,5.5,0
SETD2_3:47058737:T:G,SETD2,SNV_INDEL_DNV,SNV,nonsynonymous SNV,Y,K153,LUNG,subclonal,,private.to.primary,not_selected,M,62.0,Clear Cell,N,IV,4.0,90,BAP1_driven,C4_Hi_ITH_Hi_WGII,Rapid,0.42,5.5,0
SETD2_3:47125572:47125572:-:CTCA,SETD2,SNV_INDEL_DNV,INDEL,stopgain,Y,K153,LN_PA,subclonal,,private.to.primary,not_selected,M,62.0,Clear Cell,N,IV,4.0,90,BAP1_driven,C4_Hi_ITH_Hi_WGII,Rapid,0.42,5.5,0
SETD2_3:47125572:47125572:-:CTCA,SETD2,SNV_INDEL_DNV,INDEL,stopgain,Y,K153,LN_AC,subclonal,,private.to.primary,not_selected,M,62.0,Clear Cell,N,IV,4.0,90,BAP1_driven,C4_Hi_ITH_Hi_WGII,Rapid,0.42,5.5,0
SETD2_3:47125572:47125572:-:CTCA,SETD2,SNV_INDEL_DNV,INDEL,stopgain,Y,K153,LUNG,subclonal,,private.to.primary,not_selected,M,62.0,Clear Cell,N,IV,4.0,90,BAP1_driven,C4_Hi_ITH_Hi_WGII,Rapid,0.42,5.5,0
DNHD1_11:6578519:G:A,DNHD1,SNV_INDEL_DNV,SNV,nonsynonymous SNV,Y,K169,THROMBUS_IVC,subclonal,,private.to.primary,not_selected,F,68.0,Clear Cell,N,III,4.0,125,VHL_wt,C4_Hi_ITH_Hi_WGII,,0.46,1.8,0
SYNE2_14:64522969:A:T,SYNE2,SNV_INDEL_DNV,SNV,nonsynonymous SNV,N,K169,THROMBUS_IVC,subclonal,,private.to.primary,not_selected,F,68.0,Clear Cell,N,III,4.0,125,VHL_wt,C4_Hi_ITH_Hi_WGII,,0.46,1.8,0
MYH4_17:10353789:C:T,MYH4,SNV_INDEL_DNV,SNV,nonsynonymous SNV,Y,K169,THROMBUS_IVC,subclonal,,private.to.primary,not_selected,F,68.0,Clear Cell,N,III,4.0,125,VHL_wt,C4_Hi_ITH_Hi_WGII,,0.46,1.8,0
NF1_17:29586092:G:T,NF1,SNV_INDEL_DNV,SNV,stopgain,Y,K169,THROMBUS_IVC,subclonal,,private.to.primary,not_selected,F,68.0,Clear Cell,N,III,4.0,125,VHL_wt,C4_Hi_ITH_Hi_WGII,,0.46,1.8,0
KMT2C_7:151860712:G:A,KMT2C,SNV_INDEL_DNV,SNV,nonsynonymous SNV,N,K169,THROMBUS_IVC,subclonal,,private.to.primary,not_selected,F,68.0,Clear Cell,N,III,4.0,125,VHL_wt,C4_Hi_ITH_Hi_WGII,,0.46,1.8,0
PBRM1_3:52584568:52584568:G:-,PBRM1,SNV_INDEL_DNV,INDEL,frameshift deletion,Y,K180,THROMBUS_IVC,subclonal,clonal,shared,selected,F,78.0,Clear Cell,N,III,2.0,90,PBRM1-->PI3K,C2_Hi_ITH_Lo_WGII,Attenuated,0.09,1.67,1
LARP1_5:154173422:A:G,LARP1,SNV_INDEL_DNV,SNV,nonsynonymous SNV,N,K180,THROMBUS_IVC,subclonal,,private.to.primary,not_selected,F,78.0,Clear Cell,N,III,2.0,90,PBRM1-->PI3K,C2_Hi_ITH_Lo_WGII,Attenuated,0.09,1.67,0
TSC1_9:135801012:G:A,TSC1,SNV_INDEL_DNV,SNV,stopgain,Y,K180,THROMBUS_IVC,subclonal,,private.to.primary,not_selected,F,78.0,Clear Cell,N,III,2.0,90,PBRM1-->PI3K,C2_Hi_ITH_Lo_WGII,Attenuated,0.09,1.67,0
MYH8_17:10304882:T:C,MYH8,SNV_INDEL_DNV,SNV,nonsynonymous SNV,Y,K191,THROMBUS_IVC,subclonal,,private.to.primary,not_selected,F,58.0,Clear Cell,N,III,2.0,180,BAP1_driven,C4_Hi_ITH_Hi_WGII,,0.8,1.67,0
CSMD3_8:113347573:113347573:-:A,CSMD3,SNV_INDEL_DNV,INDEL,frameshift insertion,Y,K191,THROMBUS_IVC,subclonal,,private.to.primary,not_selected,F,58.0,Clear Cell,N,III,2.0,180,BAP1_driven,C4_Hi_ITH_Hi_WGII,,0.8,1.67,0
SETD2_3:47164466:47164466:G:-,SETD2,SNV_INDEL_DNV,INDEL,frameshift deletion,Y,K206,ADRENAL_CL,subclonal,,private.to.primary,not_selected,M,67.0,Clear Cell,Y,IV,4.0,125,PBRM1-->SETD2,C2_Hi_ITH_Lo_WGII,Attenuated,0.33,2.67,0
LRP2_2:170070342:G:A,LRP2,SNV_INDEL_DNV,SNV,synonymous SNV,N,K206,ADRENAL_CL,subclonal,,private.to.primary,not_selected,M,67.0,Clear Cell,Y,IV,4.0,125,PBRM1-->SETD2,C2_Hi_ITH_Lo_WGII,Attenuated,0.33,2.67,0
TP53_17:7577079:C:A,TP53,SNV_INDEL_DNV,SNV,stopgain,Y,K228,ADRENAL_IL_D,subclonal,clonal,shared,selected,F,79.0,Clear Cell,Y,IV,4.0,110,PBRM1-->sCNA,C4_Hi_ITH_Hi_WGII,Attenuated,0.37,2.33,1
FLT4_5:180053111:C:A,FLT4,SNV_INDEL_DNV,SNV,nonsynonymous SNV,N,K229,LN_PA,subclonal,clonal,shared,selected,M,49.0,Clear Cell,N,IV,3.0,120,non_driver_subtype,C3_Lo_ITH_Hi_WGII,Attenuated,0.38,0.25,1
NFRKB_11:129739597:G:A,NFRKB,SNV_INDEL_DNV,SNV,nonsynonymous SNV,N,K229,LN_PA,subclonal,,private.to.primary,not_selected,M,49.0,Clear Cell,N,IV,3.0,120,non_driver_subtype,C3_Lo_ITH_Hi_WGII,Attenuated,0.38,0.25,0
ZNF469_16:88503580:C:T,ZNF469,SNV_INDEL_DNV,SNV,synonymous SNV,N,K229,LN_PA,subclonal,,private.to.primary,not_selected,M,49.0,Clear Cell,N,IV,3.0,120,non_driver_subtype,C3_Lo_ITH_Hi_WGII,Attenuated,0.38,0.25,0
KDM5C_23:53224521:53224521:C:-,KDM5C,SNV_INDEL_DNV,INDEL,frameshift deletion,Y,K229,LN_PA,subclonal,,private.to.primary,not_selected,M,49.0,Clear Cell,N,IV,3.0,120,non_driver_subtype,C3_Lo_ITH_Hi_WGII,Attenuated,0.38,0.25,0
GCN1L1_12:120592814:G:A,GCN1L1,SNV_INDEL_DNV,SNV,stopgain,Y,K234,THROMBUS_RV,subclonal,,private.to.primary,not_selected,M,63.0,Clear Cell,N,III,3.0,70,BAP1_driven,C4_Hi_ITH_Hi_WGII,,0.52,2.5,0
DNAH3_16:20955876:20955894:AACAG:-,DNAH3,SNV_INDEL_DNV,INDEL,frameshift deletion,Y,K234,THROMBUS_RV,subclonal,clonal,shared,selected,M,63.0,Clear Cell,N,III,3.0,70,BAP1_driven,C4_Hi_ITH_Hi_WGII,,0.52,2.5,1
PLCE1_10:96058328:C:G,PLCE1,SNV_INDEL_DNV,SNV,nonsynonymous SNV,Y,K234,THROMBUS_RV,subclonal,clonal,shared,selected,M,63.0,Clear Cell,N,III,3.0,70,BAP1_driven,C4_Hi_ITH_Hi_WGII,,0.52,2.5,1
MUC17_7:100675456:C:A,MUC17,SNV_INDEL_DNV,SNV,synonymous SNV,N,K234,THROMBUS_RV,subclonal,clonal,shared,selected,M,63.0,Clear Cell,N,III,3.0,70,BAP1_driven,C4_Hi_ITH_Hi_WGII,,0.52,2.5,1
FAT2_5:150948158:C:T,FAT2,SNV_INDEL_DNV,SNV,nonsynonymous SNV,N,K234,THROMBUS_RV,subclonal,,private.to.primary,not_selected,M,63.0,Clear Cell,N,III,3.0,70,BAP1_driven,C4_Hi_ITH_Hi_WGII,,0.52,2.5,0
ABCA13_7:48312569:G:A,ABCA13,SNV_INDEL_DNV,SNV,synonymous SNV,N,K234,THROMBUS_RV,subclonal,,private.to.primary,not_selected,M,63.0,Clear Cell,N,III,3.0,70,BAP1_driven,C4_Hi_ITH_Hi_WGII,,0.52,2.5,0
BAP1_3:52441229:52441230:AG:-,BAP1,SNV_INDEL_DNV,INDEL,frameshift deletion,Y,K239,THROMBUS_RV,subclonal,,private.to.primary,not_selected,F,71.0,Clear Cell,N,III,3.0,71,non_driver_subtype,C2_Hi_ITH_Lo_WGII,,0.26,2.0,0
BAP1_3:52437500:C:G,BAP1,SNV_INDEL_DNV,SNV,nonsynonymous SNV,Y,K239,THROMBUS_RV,subclonal,,private.to.primary,not_selected,F,71.0,Clear Cell,N,III,3.0,71,non_driver_subtype,C2_Hi_ITH_Lo_WGII,,0.26,2.0,0
BAP1_3:52437808:C:G,BAP1,SNV_INDEL_DNV,SNV,nonsynonymous SNV,Y,K239,THROMBUS_RV,subclonal,,private.to.primary,not_selected,F,71.0,Clear Cell,N,III,3.0,71,non_driver_subtype,C2_Hi_ITH_Lo_WGII,,0.26,2.0,0
BAP1_3:52442605:A:T,BAP1,SNV_INDEL_DNV,SNV,nonsynonymous SNV,Y,K239,THROMBUS_RV,subclonal,,private.to.primary,not_selected,F,71.0,Clear Cell,N,III,3.0,71,non_driver_subtype,C2_Hi_ITH_Lo_WGII,,0.26,2.0,0
PBRM1_3:52651520:A:C,PBRM1,SNV_INDEL_DNV,SNV,nonsynonymous SNV,Y,K243,THROMBUS_RV,subclonal,clonal,shared,selected,F,84.0,Clear Cell,N,III,4.0,125,PBRM1-->SETD2,C4_Hi_ITH_Hi_WGII,Attenuated,0.49,13.5,1
FBN2_5:127697462:C:G,FBN2,SNV_INDEL_DNV,SNV,synonymous SNV,N,K243,THROMBUS_RV,subclonal,clonal,shared,selected,F,84.0,Clear Cell,N,III,4.0,125,PBRM1-->SETD2,C4_Hi_ITH_Hi_WGII,Attenuated,0.49,13.5,1
HIVEP1_6:12163790:C:T,HIVEP1,SNV_INDEL_DNV,SNV,nonsynonymous SNV,Y,K243,THROMBUS_RV,subclonal,clonal,shared,selected,F,84.0,Clear Cell,N,III,4.0,125,PBRM1-->SETD2,C4_Hi_ITH_Hi_WGII,Attenuated,0.49,13.5,1
DNHD1_11:6578124:C:T,DNHD1,SNV_INDEL_DNV,SNV,synonymous SNV,N,K243,THROMBUS_RV,subclonal,,private.to.primary,not_selected,F,84.0,Clear Cell,N,III,4.0,125,PBRM1-->SETD2,C4_Hi_ITH_Hi_WGII,Attenuated,0.49,13.5,0
KMT2C_7:151935912:C:T,KMT2C,SNV_INDEL_DNV,SNV,.,Y,K243,THROMBUS_RV,subclonal,,private.to.primary,not_selected,F,84.0,Clear Cell,N,III,4.0,125,PBRM1-->SETD2,C4_Hi_ITH_Hi_WGII,Attenuated,0.49,13.5,0
PBRM1_3:52582245:52582262:CTTCG:-,PBRM1,SNV_INDEL_DNV,INDEL,frameshift deletion,Y,K243,THROMBUS_RV,subclonal,,private.to.primary,not_selected,F,84.0,Clear Cell,N,III,4.0,125,PBRM1-->SETD2,C4_Hi_ITH_Hi_WGII,Attenuated,0.49,13.5,0
SETD2_3:47059146:47059147:AA:-,SETD2,SNV_INDEL_DNV,INDEL,frameshift deletion,Y,K243,THROMBUS_RV,subclonal,clonal,shared,selected,F,84.0,Clear Cell,N,III,4.0,125,PBRM1-->SETD2,C4_Hi_ITH_Hi_WGII,Attenuated,0.49,13.5,1
SETD2_3:47088090:47088103:GAAGA:-,SETD2,SNV_INDEL_DNV,INDEL,frameshift deletion,Y,K243,THROMBUS_RV,subclonal,,private.to.primary,not_selected,F,84.0,Clear Cell,N,III,4.0,125,PBRM1-->SETD2,C4_Hi_ITH_Hi_WGII,Attenuated,0.49,13.5,0
PTEN_10:89690810:G:T,PTEN,SNV_INDEL_DNV,SNV,stopgain,Y,K243,THROMBUS_RV,subclonal,,private.to.primary,not_selected,F,84.0,Clear Cell,N,III,4.0,125,PBRM1-->SETD2,C4_Hi_ITH_Hi_WGII,Attenuated,0.49,13.5,0
ATM_11:108137946:G:T,ATM,SNV_INDEL_DNV,SNV,stopgain,Y,K243,THROMBUS_RV,subclonal,,private.to.primary,not_selected,F,84.0,Clear Cell,N,III,4.0,125,PBRM1-->SETD2,C4_Hi_ITH_Hi_WGII,Attenuated,0.49,13.5,0
OR4C46_11:51515752:G:T,OR4C46,SNV_INDEL_DNV,SNV,nonsynonymous SNV,N,K243,THROMBUS_RV,subclonal,,private.to.primary,not_selected,F,84.0,Clear Cell,N,III,4.0,125,PBRM1-->SETD2,C4_Hi_ITH_Hi_WGII,Attenuated,0.49,13.5,0
OR4C46_11:51515966:G:A,OR4C46,SNV_INDEL_DNV,SNV,nonsynonymous SNV,N,K243,THROMBUS_RV,subclonal,,private.to.primary,not_selected,F,84.0,Clear Cell,N,III,4.0,125,PBRM1-->SETD2,C4_Hi_ITH_Hi_WGII,Attenuated,0.49,13.5,0
SYNE2_14:64519180:T:G,SYNE2,SNV_INDEL_DNV,SNV,nonsynonymous SNV,Y,K243,THROMBUS_RV,subclonal,,private.to.primary,not_selected,F,84.0,Clear Cell,N,III,4.0,125,PBRM1-->SETD2,C4_Hi_ITH_Hi_WGII,Attenuated,0.49,13.5,0
PIK3CA_3:178952085:A:G,PIK3CA,SNV_INDEL_DNV,SNV,nonsynonymous SNV,N,K243,THROMBUS_RV,subclonal,,private.to.primary,not_selected,F,84.0,Clear Cell,N,III,4.0,125,PBRM1-->SETD2,C4_Hi_ITH_Hi_WGII,Attenuated,0.49,13.5,0
SETD2_3:47079155:C:G,SETD2,SNV_INDEL_DNV,SNV,.,Y,K243,THROMBUS_RV,subclonal,,private.to.primary,not_selected,F,84.0,Clear Cell,N,III,4.0,125,PBRM1-->SETD2,C4_Hi_ITH_Hi_WGII,Attenuated,0.49,13.5,0
SETD2_3:47108599:G:A,SETD2,SNV_INDEL_DNV,SNV,stopgain,Y,K243,THROMBUS_RV,subclonal,,private.to.primary,not_selected,F,84.0,Clear Cell,N,III,4.0,125,PBRM1-->SETD2,C4_Hi_ITH_Hi_WGII,Attenuated,0.49,13.5,0
SETD2_3:47139549:A:G,SETD2,SNV_INDEL_DNV,SNV,nonsynonymous SNV,Y,K243,THROMBUS_RV,subclonal,,private.to.primary,not_selected,F,84.0,Clear Cell,N,III,4.0,125,PBRM1-->SETD2,C4_Hi_ITH_Hi_WGII,Attenuated,0.49,13.5,0
SETD2_3:47144880:G:A,SETD2,SNV_INDEL_DNV,SNV,nonsynonymous SNV,Y,K243,THROMBUS_RV,subclonal,,private.to.primary,not_selected,F,84.0,Clear Cell,N,III,4.0,125,PBRM1-->SETD2,C4_Hi_ITH_Hi_WGII,Attenuated,0.49,13.5,0
HIVEP1_6:12121249:T:C,HIVEP1,SNV_INDEL_DNV,SNV,synonymous SNV,N,K243,THROMBUS_RV,subclonal,,private.to.primary,not_selected,F,84.0,Clear Cell,N,III,4.0,125,PBRM1-->SETD2,C4_Hi_ITH_Hi_WGII,Attenuated,0.49,13.5,0
CARD11_7:2976745:G:A,CARD11,SNV_INDEL_DNV,SNV,nonsynonymous SNV,Y,K243,THROMBUS_RV,subclonal,,private.to.primary,not_selected,F,84.0,Clear Cell,N,III,4.0,125,PBRM1-->SETD2,C4_Hi_ITH_Hi_WGII,Attenuated,0.49,13.5,0
WHSC1L1_8:38189031:C:T,WHSC1L1,SNV_INDEL_DNV,SNV,nonsynonymous SNV,N,K243,THROMBUS_RV,subclonal,,private.to.primary,not_selected,F,84.0,Clear Cell,N,III,4.0,125,PBRM1-->SETD2,C4_Hi_ITH_Hi_WGII,Attenuated,0.49,13.5,0
SETD2_3:47079166:47079167:TT:-,SETD2,SNV_INDEL_DNV,INDEL,frameshift deletion,Y,K243,THROMBUS_RV,subclonal,,private.to.primary,not_selected,F,84.0,Clear Cell,N,III,4.0,125,PBRM1-->SETD2,C4_Hi_ITH_Hi_WGII,Attenuated,0.49,13.5,0
SETD2_3:47143036:47143044:TCACA:-,SETD2,SNV_INDEL_DNV,INDEL,nonframeshift deletion,Y,K243,THROMBUS_RV,subclonal,,private.to.primary,not_selected,F,84.0,Clear Cell,N,III,4.0,125,PBRM1-->SETD2,C4_Hi_ITH_Hi_WGII,Attenuated,0.49,13.5,0
SETD2_3:47158121:47158150:CATGA:-,SETD2,SNV_INDEL_DNV,INDEL,nonframeshift deletion,Y,K243,THROMBUS_RV,subclonal,,private.to.primary,not_selected,F,84.0,Clear Cell,N,III,4.0,125,PBRM1-->SETD2,C4_Hi_ITH_Hi_WGII,Attenuated,0.49,13.5,0
SETD2_3:47165476:47165476:G:-,SETD2,SNV_INDEL_DNV,INDEL,frameshift deletion,Y,K243,THROMBUS_RV,subclonal,,private.to.primary,not_selected,F,84.0,Clear Cell,N,III,4.0,125,PBRM1-->SETD2,C4_Hi_ITH_Hi_WGII,Attenuated,0.49,13.5,0
ATM_11:108143318:108143319:TT:AG,ATM,SNV_INDEL_DNV,DNV,nonframeshift substitution,Y,K243,THROMBUS_RV,subclonal,,private.to.primary,not_selected,F,84.0,Clear Cell,N,III,4.0,125,PBRM1-->SETD2,C4_Hi_ITH_Hi_WGII,Attenuated,0.49,13.5,0
MUC4_3:195507846:C:G,MUC4,SNV_INDEL_DNV,SNV,synonymous SNV,N,K276,THROMBUS_RV,subclonal,clonal,shared,selected,M,71.0,Clear Cell,N,IV,3.0,115,non_driver_subtype,C4_Hi_ITH_Hi_WGII,Attenuated,0.6,1.5,1
KMT2D_12:49432395:C:A,KMT2D,SNV_INDEL_DNV,SNV,nonsynonymous SNV,N,K276,THROMBUS_RV,subclonal,,private.to.primary,not_selected,M,71.0,Clear Cell,N,IV,3.0,115,non_driver_subtype,C4_Hi_ITH_Hi_WGII,Attenuated,0.6,1.5,0
NAV3_12:78513471:C:T,NAV3,SNV_INDEL_DNV,SNV,synonymous SNV,N,K276,THROMBUS_RV,subclonal,,private.to.primary,not_selected,M,71.0,Clear Cell,N,IV,3.0,115,non_driver_subtype,C4_Hi_ITH_Hi_WGII,Attenuated,0.6,1.5,0
UTY_24:15447708:G:T,UTY,SNV_INDEL_DNV,SNV,nonsynonymous SNV,N,K276,THROMBUS_RV,subclonal,,private.to.primary,not_selected,M,71.0,Clear Cell,N,IV,3.0,115,non_driver_subtype,C4_Hi_ITH_Hi_WGII,Attenuated,0.6,1.5,0
CSMD3_8:113518929:G:A,CSMD3,SNV_INDEL_DNV,SNV,nonsynonymous SNV,N,K276,THROMBUS_RV,subclonal,,private.to.primary,not_selected,M,71.0,Clear Cell,N,IV,3.0,115,non_driver_subtype,C4_Hi_ITH_Hi_WGII,Attenuated,0.6,1.5,0
CSMD3_8:113702253:G:A,CSMD3,SNV_INDEL_DNV,SNV,nonsynonymous SNV,Y,K379,RENAL_MET_CL,subclonal,,private.to.primary,not_selected,M,58.0,Clear Cell,N,IV,3.0,170,Multiple_Clonal_Drivers,C3_Lo_ITH_Hi_WGII,Attenuated,0.64,0.33,0
SETD2_3:47161906:47161906:-:T,SETD2,SNV_INDEL_DNV,INDEL,frameshift insertion,Y,K390,THROMBUS_RV,subclonal,clonal,shared,selected,F,50.0,Clear Cell,N,IV,3.0,135,VHL_wt,C2_Hi_ITH_Lo_WGII,Rapid,0.2,1.33,1
SETD2_3:47161906:47161906:-:T,SETD2,SNV_INDEL_DNV,INDEL,frameshift insertion,Y,K390,LN_PC,subclonal,,private.to.primary,not_selected,F,50.0,Clear Cell,N,IV,3.0,135,VHL_wt,C2_Hi_ITH_Lo_WGII,Rapid,0.2,1.33,0
SETD2_3:47098795:47098795:G:-,SETD2,SNV_INDEL_DNV,INDEL,frameshift deletion,Y,K390,THROMBUS_RV,subclonal,,private.to.primary,not_selected,F,50.0,Clear Cell,N,IV,3.0,135,VHL_wt,C2_Hi_ITH_Lo_WGII,Rapid,0.2,1.33,0
SETD2_3:47098795:47098795:G:-,SETD2,SNV_INDEL_DNV,INDEL,frameshift deletion,Y,K390,LN_PC,subclonal,,private.to.primary,not_selected,F,50.0,Clear Cell,N,IV,3.0,135,VHL_wt,C2_Hi_ITH_Lo_WGII,Rapid,0.2,1.33,0
TSC1_9:135802586:A:G,TSC1,SNV_INDEL_DNV,SNV,.,Y,K446,LN_PC,subclonal,clonal,shared,selected,M,58.0,Clear Cell,Y,IV,4.0,150,VHL_wt,C4_Hi_ITH_Hi_WGII,Rapid,0.97,1.14,1
PAMR1_11:35492253:C:T,PAMR1,SNV_INDEL_DNV,SNV,nonsynonymous SNV,Y,K446,LN_PC,subclonal,clonal,shared,selected,M,58.0,Clear Cell,Y,IV,4.0,150,VHL_wt,C4_Hi_ITH_Hi_WGII,Rapid,0.97,1.14,1
MTOR_1:11188078:C:A,MTOR,SNV_INDEL_DNV,SNV,nonsynonymous SNV,Y,K446,LN_PC,subclonal,,private.to.primary,not_selected,M,58.0,Clear Cell,Y,IV,4.0,150,VHL_wt,C4_Hi_ITH_Hi_WGII,Rapid,0.97,1.14,0
SDK2_17:71431705:C:T,SDK2,SNV_INDEL_DNV,SNV,nonsynonymous SNV,N,K520,ADRENAL_IL,subclonal,clonal,shared,selected,F,72.0,Clear Cell,N,IV,3.0,120,PBRM1-->PI3K,C4_Hi_ITH_Hi_WGII,Attenuated,0.39,2.25,1
SDK2_17:71431705:C:T,SDK2,SNV_INDEL_DNV,SNV,nonsynonymous SNV,N,K520,ADRENAL_IL_1,subclonal,clonal,shared,selected,F,72.0,Clear Cell,N,IV,3.0,120,PBRM1-->PI3K,C4_Hi_ITH_Hi_WGII,Attenuated,0.39,2.25,1
PBRM1_3:52643520:52643520:-:T,PBRM1,SNV_INDEL_DNV,INDEL,frameshift insertion,Y,K520,ADRENAL_IL,subclonal,clonal,shared,selected,F,72.0,Clear Cell,N,IV,3.0,120,PBRM1-->PI3K,C4_Hi_ITH_Hi_WGII,Attenuated,0.39,2.25,1
PBRM1_3:52643520:52643520:-:T,PBRM1,SNV_INDEL_DNV,INDEL,frameshift insertion,Y,K520,ADRENAL_IL_1,subclonal,clonal,shared,selected,F,72.0,Clear Cell,N,IV,3.0,120,PBRM1-->PI3K,C4_Hi_ITH_Hi_WGII,Attenuated,0.39,2.25,1
IL10RB_21:34648923:T:G,IL10RB,SNV_INDEL_DNV,SNV,nonsynonymous SNV,Y,K520,ADRENAL_IL,subclonal,,private.to.primary,not_selected,F,72.0,Clear Cell,N,IV,3.0,120,PBRM1-->PI3K,C4_Hi_ITH_Hi_WGII,Attenuated,0.39,2.25,0
IL10RB_21:34648923:T:G,IL10RB,SNV_INDEL_DNV,SNV,nonsynonymous SNV,Y,K520,ADRENAL_IL_1,subclonal,,private.to.primary,not_selected,F,72.0,Clear Cell,N,IV,3.0,120,PBRM1-->PI3K,C4_Hi_ITH_Hi_WGII,Attenuated,0.39,2.25,0
PBRM1_3:52643443:52643461:GGTTT:-,PBRM1,SNV_INDEL_DNV,INDEL,frameshift deletion,Y,K520,ADRENAL_IL,subclonal,,private.to.primary,not_selected,F,72.0,Clear Cell,N,IV,3.0,120,PBRM1-->PI3K,C4_Hi_ITH_Hi_WGII,Attenuated,0.39,2.25,0
PBRM1_3:52643443:52643461:GGTTT:-,PBRM1,SNV_INDEL_DNV,INDEL,frameshift deletion,Y,K520,ADRENAL_IL_1,subclonal,,private.to.primary,not_selected,F,72.0,Clear Cell,N,IV,3.0,120,PBRM1-->PI3K,C4_Hi_ITH_Hi_WGII,Attenuated,0.39,2.25,0
FAT3_11:92495275:C:T,FAT3,SNV_INDEL_DNV,SNV,nonsynonymous SNV,Y,K520,ADRENAL_IL,subclonal,,private.to.primary,not_selected,F,72.0,Clear Cell,N,IV,3.0,120,PBRM1-->PI3K,C4_Hi_ITH_Hi_WGII,Attenuated,0.39,2.25,0
FAT3_11:92495275:C:T,FAT3,SNV_INDEL_DNV,SNV,nonsynonymous SNV,Y,K520,ADRENAL_IL_1,subclonal,,private.to.primary,not_selected,F,72.0,Clear Cell,N,IV,3.0,120,PBRM1-->PI3K,C4_Hi_ITH_Hi_WGII,Attenuated,0.39,2.25,0
TSC1_9:135798798:G:A,TSC1,SNV_INDEL_DNV,SNV,stopgain,Y,K520,ADRENAL_IL,subclonal,,private.to.primary,not_selected,F,72.0,Clear Cell,N,IV,3.0,120,PBRM1-->PI3K,C4_Hi_ITH_Hi_WGII,Attenuated,0.39,2.25,0
TSC1_9:135798798:G:A,TSC1,SNV_INDEL_DNV,SNV,stopgain,Y,K520,ADRENAL_IL_1,subclonal,,private.to.primary,not_selected,F,72.0,Clear Cell,N,IV,3.0,120,PBRM1-->PI3K,C4_Hi_ITH_Hi_WGII,Attenuated,0.39,2.25,0
PBRM1_3:52637628:52637628:T:-,PBRM1,SNV_INDEL_DNV,INDEL,frameshift deletion,Y,K520,ADRENAL_IL,subclonal,,private.to.primary,not_selected,F,72.0,Clear Cell,N,IV,3.0,120,PBRM1-->PI3K,C4_Hi_ITH_Hi_WGII,Attenuated,0.39,2.25,0
PBRM1_3:52637628:52637628:T:-,PBRM1,SNV_INDEL_DNV,INDEL,frameshift deletion,Y,K520,ADRENAL_IL_1,subclonal,,private.to.primary,not_selected,F,72.0,Clear Cell,N,IV,3.0,120,PBRM1-->PI3K,C4_Hi_ITH_Hi_WGII,Attenuated,0.39,2.25,0
PKHD1L1_8:110487420:110487420:A:-,PKHD1L1,SNV_INDEL_DNV,INDEL,frameshift deletion,Y,K520,ADRENAL_IL,subclonal,,private.to.primary,not_selected,F,72.0,Clear Cell,N,IV,3.0,120,PBRM1-->PI3K,C4_Hi_ITH_Hi_WGII,Attenuated,0.39,2.25,0
PKHD1L1_8:110487420:110487420:A:-,PKHD1L1,SNV_INDEL_DNV,INDEL,frameshift deletion,Y,K520,ADRENAL_IL_1,subclonal,,private.to.primary,not_selected,F,72.0,Clear Cell,N,IV,3.0,120,PBRM1-->PI3K,C4_Hi_ITH_Hi_WGII,Attenuated,0.39,2.25,0
MTOR_1:11184573:G:A,MTOR,SNV_INDEL_DNV,SNV,nonsynonymous SNV,Y,K029,BONE_SPINE,subclonal,clonal,shared,selected,M,54.0,Clear Cell,N,IV,3.0,75,PBRM1-->PI3K,C2_Hi_ITH_Lo_WGII,Attenuated,0.32,3.67,1
MTOR_1:11184573:G:A,MTOR,SNV_INDEL_DNV,SNV,nonsynonymous SNV,Y,K029,BONE_RIB,subclonal,clonal,shared,selected,M,54.0,Clear Cell,N,IV,3.0,75,PBRM1-->PI3K,C2_Hi_ITH_Lo_WGII,Attenuated,0.32,3.67,1
MTOR_1:11184573:G:A,MTOR,SNV_INDEL_DNV,SNV,nonsynonymous SNV,Y,K029,BONE_SPINE_1,subclonal,clonal,shared,selected,M,54.0,Clear Cell,N,IV,3.0,75,PBRM1-->PI3K,C2_Hi_ITH_Lo_WGII,Attenuated,0.32,3.67,1
FMN2_1:240370608:T:A,FMN2,SNV_INDEL_DNV,SNV,synonymous SNV,N,K029,BONE_SPINE,subclonal,,private.to.primary,not_selected,M,54.0,Clear Cell,N,IV,3.0,75,PBRM1-->PI3K,C2_Hi_ITH_Lo_WGII,Attenuated,0.32,3.67,0
FMN2_1:240370608:T:A,FMN2,SNV_INDEL_DNV,SNV,synonymous SNV,N,K029,BONE_RIB,subclonal,,private.to.primary,not_selected,M,54.0,Clear Cell,N,IV,3.0,75,PBRM1-->PI3K,C2_Hi_ITH_Lo_WGII,Attenuated,0.32,3.67,0
FMN2_1:240370608:T:A,FMN2,SNV_INDEL_DNV,SNV,synonymous SNV,N,K029,BONE_SPINE_1,subclonal,,private.to.primary,not_selected,M,54.0,Clear Cell,N,IV,3.0,75,PBRM1-->PI3K,C2_Hi_ITH_Lo_WGII,Attenuated,0.32,3.67,0
MUC16_19:9073294:A:G,MUC16,SNV_INDEL_DNV,SNV,nonsynonymous SNV,N,K029,BONE_SPINE,subclonal,,private.to.primary,not_selected,M,54.0,Clear Cell,N,IV,3.0,75,PBRM1-->PI3K,C2_Hi_ITH_Lo_WGII,Attenuated,0.32,3.67,0
MUC16_19:9073294:A:G,MUC16,SNV_INDEL_DNV,SNV,nonsynonymous SNV,N,K029,BONE_RIB,subclonal,,private.to.primary,not_selected,M,54.0,Clear Cell,N,IV,3.0,75,PBRM1-->PI3K,C2_Hi_ITH_Lo_WGII,Attenuated,0.32,3.67,0
MUC16_19:9073294:A:G,MUC16,SNV_INDEL_DNV,SNV,nonsynonymous SNV,N,K029,BONE_SPINE_1,subclonal,,private.to.primary,not_selected,M,54.0,Clear Cell,N,IV,3.0,75,PBRM1-->PI3K,C2_Hi_ITH_Lo_WGII,Attenuated,0.32,3.67,0
ZNF800_7:127013688:C:A,ZNF800,SNV_INDEL_DNV,SNV,nonsynonymous SNV,N,K029,BONE_SPINE,subclonal,,private.to.primary,not_selected,M,54.0,Clear Cell,N,IV,3.0,75,PBRM1-->PI3K,C2_Hi_ITH_Lo_WGII,Attenuated,0.32,3.67,0
ZNF800_7:127013688:C:A,ZNF800,SNV_INDEL_DNV,SNV,nonsynonymous SNV,N,K029,BONE_RIB,subclonal,,private.to.primary,not_selected,M,54.0,Clear Cell,N,IV,3.0,75,PBRM1-->PI3K,C2_Hi_ITH_Lo_WGII,Attenuated,0.32,3.67,0
ZNF800_7:127013688:C:A,ZNF800,SNV_INDEL_DNV,SNV,nonsynonymous SNV,N,K029,BONE_SPINE_1,subclonal,,private.to.primary,not_selected,M,54.0,Clear Cell,N,IV,3.0,75,PBRM1-->PI3K,C2_Hi_ITH_Lo_WGII,Attenuated,0.32,3.67,0
KDM5C_23:53228172:G:A,KDM5C,SNV_INDEL_DNV,SNV,nonsynonymous SNV,Y,K029,BONE_SPINE,subclonal,,private.to.primary,not_selected,M,54.0,Clear Cell,N,IV,3.0,75,PBRM1-->PI3K,C2_Hi_ITH_Lo_WGII,Attenuated,0.32,3.67,0
KDM5C_23:53228172:G:A,KDM5C,SNV_INDEL_DNV,SNV,nonsynonymous SNV,Y,K029,BONE_RIB,subclonal,,private.to.primary,not_selected,M,54.0,Clear Cell,N,IV,3.0,75,PBRM1-->PI3K,C2_Hi_ITH_Lo_WGII,Attenuated,0.32,3.67,0
KDM5C_23:53228172:G:A,KDM5C,SNV_INDEL_DNV,SNV,nonsynonymous SNV,Y,K029,BONE_SPINE_1,subclonal,,private.to.primary,not_selected,M,54.0,Clear Cell,N,IV,3.0,75,PBRM1-->PI3K,C2_Hi_ITH_Lo_WGII,Attenuated,0.32,3.67,0
CSMD3_8:113266484:G:A,CSMD3,SNV_INDEL_DNV,SNV,stopgain,Y,K029,BONE_SPINE,subclonal,,private.to.primary,not_selected,M,54.0,Clear Cell,N,IV,3.0,75,PBRM1-->PI3K,C2_Hi_ITH_Lo_WGII,Attenuated,0.32,3.67,0
CSMD3_8:113266484:G:A,CSMD3,SNV_INDEL_DNV,SNV,stopgain,Y,K029,BONE_RIB,subclonal,,private.to.primary,not_selected,M,54.0,Clear Cell,N,IV,3.0,75,PBRM1-->PI3K,C2_Hi_ITH_Lo_WGII,Attenuated,0.32,3.67,0
CSMD3_8:113266484:G:A,CSMD3,SNV_INDEL_DNV,SNV,stopgain,Y,K029,BONE_SPINE_1,subclonal,,private.to.primary,not_selected,M,54.0,Clear Cell,N,IV,3.0,75,PBRM1-->PI3K,C2_Hi_ITH_Lo_WGII,Attenuated,0.32,3.67,0
MTOR_1:11188164:G:T,MTOR,SNV_INDEL_DNV,SNV,nonsynonymous SNV,Y,K066,PERI-RENAL,subclonal,clonal,shared,selected,M,66.0,Clear Cell,N,IV,4.0,85,non_driver_subtype,C3_Lo_ITH_Hi_WGII,Rapid,0.83,1.0,1
MTOR_1:11188164:G:T,MTOR,SNV_INDEL_DNV,SNV,nonsynonymous SNV,Y,K066,PERI-NEPHRIC_FAT,subclonal,clonal,shared,selected,M,66.0,Clear Cell,N,IV,4.0,85,non_driver_subtype,C3_Lo_ITH_Hi_WGII,Rapid,0.83,1.0,1
DNAH10_12:124408866:G:A,DNAH10,SNV_INDEL_DNV,SNV,nonsynonymous SNV,N,K066,PERI-RENAL,subclonal,,private.to.primary,not_selected,M,66.0,Clear Cell,N,IV,4.0,85,non_driver_subtype,C3_Lo_ITH_Hi_WGII,Rapid,0.83,1.0,0
DNAH10_12:124408866:G:A,DNAH10,SNV_INDEL_DNV,SNV,nonsynonymous SNV,N,K066,PERI-NEPHRIC_FAT,subclonal,clonal,shared,selected,M,66.0,Clear Cell,N,IV,4.0,85,non_driver_subtype,C3_Lo_ITH_Hi_WGII,Rapid,0.83,1.0,1
PBRM1_3:52649459:G:T,PBRM1,SNV_INDEL_DNV,SNV,nonsynonymous SNV,Y,K066,PERI-RENAL,subclonal,clonal,shared,selected,M,66.0,Clear Cell,N,IV,4.0,85,non_driver_subtype,C3_Lo_ITH_Hi_WGII,Rapid,0.83,1.0,1
PBRM1_3:52649459:G:T,PBRM1,SNV_INDEL_DNV,SNV,nonsynonymous SNV,Y,K066,PERI-NEPHRIC_FAT,subclonal,clonal,shared,selected,M,66.0,Clear Cell,N,IV,4.0,85,non_driver_subtype,C3_Lo_ITH_Hi_WGII,Rapid,0.83,1.0,1
PBRM1_3:52598128:52598128:G:-,PBRM1,SNV_INDEL_DNV,INDEL,frameshift deletion,Y,K066,PERI-RENAL,subclonal,,private.to.primary,not_selected,M,66.0,Clear Cell,N,IV,4.0,85,non_driver_subtype,C3_Lo_ITH_Hi_WGII,Rapid,0.83,1.0,0
PBRM1_3:52598128:52598128:G:-,PBRM1,SNV_INDEL_DNV,INDEL,frameshift deletion,Y,K066,PERI-NEPHRIC_FAT,subclonal,clonal,shared,selected,M,66.0,Clear Cell,N,IV,4.0,85,non_driver_subtype,C3_Lo_ITH_Hi_WGII,Rapid,0.83,1.0,1
GCN1L1_12:120575587:G:T,GCN1L1,SNV_INDEL_DNV,SNV,nonsynonymous SNV,Y,K066,PERI-RENAL,subclonal,clonal,shared,selected,M,66.0,Clear Cell,N,IV,4.0,85,non_driver_subtype,C3_Lo_ITH_Hi_WGII,Rapid,0.83,1.0,1
GCN1L1_12:120575587:G:T,GCN1L1,SNV_INDEL_DNV,SNV,nonsynonymous SNV,Y,K066,PERI-NEPHRIC_FAT,subclonal,clonal,shared,selected,M,66.0,Clear Cell,N,IV,4.0,85,non_driver_subtype,C3_Lo_ITH_Hi_WGII,Rapid,0.83,1.0,1
CD80_3:119246681:G:A,CD80,SNV_INDEL_DNV,SNV,synonymous SNV,N,K066,PERI-RENAL,subclonal,,private.to.primary,not_selected,M,66.0,Clear Cell,N,IV,4.0,85,non_driver_subtype,C3_Lo_ITH_Hi_WGII,Rapid,0.83,1.0,0
CD80_3:119246681:G:A,CD80,SNV_INDEL_DNV,SNV,synonymous SNV,N,K066,PERI-NEPHRIC_FAT,subclonal,,private.to.primary,not_selected,M,66.0,Clear Cell,N,IV,4.0,85,non_driver_subtype,C3_Lo_ITH_Hi_WGII,Rapid,0.83,1.0,0
SETD2_3:47098541:C:A,SETD2,SNV_INDEL_DNV,SNV,nonsynonymous SNV,Y,K066,PERI-NEPHRIC_FAT,subclonal,,private.to.primary,not_selected,M,66.0,Clear Cell,N,IV,4.0,85,non_driver_subtype,C3_Lo_ITH_Hi_WGII,Rapid,0.83,1.0,0
DNAH3_16:21156597:G:A,DNAH3,SNV_INDEL_DNV,SNV,nonsynonymous SNV,Y,K071,ADRENAL_IL,subclonal,clonal,shared,selected,M,62.0,Clear Cell,N,IV,3.0,90,PBRM1-->SETD2,C2_Hi_ITH_Lo_WGII,Attenuated,0.15,2.0,1
PBRM1_3:52598128:52598128:-:A,PBRM1,SNV_INDEL_DNV,INDEL,frameshift insertion,Y,K071,ADRENAL_IL,subclonal,clonal,shared,selected,M,62.0,Clear Cell,N,IV,3.0,90,PBRM1-->SETD2,C2_Hi_ITH_Lo_WGII,Attenuated,0.15,2.0,1
CNOT1_16:58577439:G:C,CNOT1,SNV_INDEL_DNV,SNV,synonymous SNV,N,K071,ADRENAL_IL,subclonal,,private.to.primary,not_selected,M,62.0,Clear Cell,N,IV,3.0,90,PBRM1-->SETD2,C2_Hi_ITH_Lo_WGII,Attenuated,0.15,2.0,0
PBRM1_3:52610705:52610705:T:-,PBRM1,SNV_INDEL_DNV,INDEL,frameshift deletion,Y,K071,ADRENAL_IL,subclonal,,private.to.primary,not_selected,M,62.0,Clear Cell,N,IV,3.0,90,PBRM1-->SETD2,C2_Hi_ITH_Lo_WGII,Attenuated,0.15,2.0,0
PIEZO2_18:10857128:A:G,PIEZO2,SNV_INDEL_DNV,SNV,synonymous SNV,N,K071,ADRENAL_IL,subclonal,,private.to.primary,not_selected,M,62.0,Clear Cell,N,IV,3.0,90,PBRM1-->SETD2,C2_Hi_ITH_Lo_WGII,Attenuated,0.15,2.0,0
MTOR_1:11174429:C:T,MTOR,SNV_INDEL_DNV,SNV,nonsynonymous SNV,Y,K071,ADRENAL_IL,subclonal,,private.to.primary,not_selected,M,62.0,Clear Cell,N,IV,3.0,90,PBRM1-->SETD2,C2_Hi_ITH_Lo_WGII,Attenuated,0.15,2.0,0
TNFRSF14_1:2491308:C:T,TNFRSF14,SNV_INDEL_DNV,SNV,synonymous SNV,N,K071,ADRENAL_IL,subclonal,,private.to.primary,not_selected,M,62.0,Clear Cell,N,IV,3.0,90,PBRM1-->SETD2,C2_Hi_ITH_Lo_WGII,Attenuated,0.15,2.0,0
LRP2_2:170063289:G:C,LRP2,SNV_INDEL_DNV,SNV,nonsynonymous SNV,N,K071,ADRENAL_IL,subclonal,,private.to.primary,not_selected,M,62.0,Clear Cell,N,IV,3.0,90,PBRM1-->SETD2,C2_Hi_ITH_Lo_WGII,Attenuated,0.15,2.0,0
SETD2_3:47125245:C:G,SETD2,SNV_INDEL_DNV,SNV,nonsynonymous SNV,Y,K071,ADRENAL_IL,subclonal,,private.to.primary,not_selected,M,62.0,Clear Cell,N,IV,3.0,90,PBRM1-->SETD2,C2_Hi_ITH_Lo_WGII,Attenuated,0.15,2.0,0
PCLO_7:82586086:C:T,PCLO,SNV_INDEL_DNV,SNV,nonsynonymous SNV,Y,K071,ADRENAL_IL,subclonal,,private.to.primary,not_selected,M,62.0,Clear Cell,N,IV,3.0,90,PBRM1-->SETD2,C2_Hi_ITH_Lo_WGII,Attenuated,0.15,2.0,0
ZNF469_16:88500945:88500945:A:-,ZNF469,SNV_INDEL_DNV,INDEL,frameshift deletion,Y,K071,ADRENAL_IL,subclonal,,private.to.primary,not_selected,M,62.0,Clear Cell,N,IV,3.0,90,PBRM1-->SETD2,C2_Hi_ITH_Lo_WGII,Attenuated,0.15,2.0,0
PBRM1_3:52620655:52620655:A:-,PBRM1,SNV_INDEL_DNV,INDEL,frameshift deletion,Y,K071,ADRENAL_IL,subclonal,,private.to.primary,not_selected,M,62.0,Clear Cell,N,IV,3.0,90,PBRM1-->SETD2,C2_Hi_ITH_Lo_WGII,Attenuated,0.15,2.0,0
SPHKAP_2:228882211:G:A,SPHKAP,SNV_INDEL_DNV,SNV,nonsynonymous SNV,Y,K099,THROMBUS_RV,subclonal,clonal,shared,selected,M,73.0,Clear Cell,N,III,3.0,75,non_driver_subtype,C3_Lo_ITH_Hi_WGII,,0.64,0.36,1
SPHKAP_2:228882211:G:A,SPHKAP,SNV_INDEL_DNV,SNV,nonsynonymous SNV,Y,K099,THROMBUS_IVC,subclonal,clonal,shared,selected,M,73.0,Clear Cell,N,III,3.0,75,non_driver_subtype,C3_Lo_ITH_Hi_WGII,,0.64,0.36,1
FAT3_11:92568197:G:A,FAT3,SNV_INDEL_DNV,SNV,nonsynonymous SNV,N,K099,THROMBUS_RV,subclonal,,private.to.primary,not_selected,M,73.0,Clear Cell,N,III,3.0,75,non_driver_subtype,C3_Lo_ITH_Hi_WGII,,0.64,0.36,0
FAT3_11:92568197:G:A,FAT3,SNV_INDEL_DNV,SNV,nonsynonymous SNV,N,K099,THROMBUS_IVC,subclonal,,private.to.primary,not_selected,M,73.0,Clear Cell,N,III,3.0,75,non_driver_subtype,C3_Lo_ITH_Hi_WGII,,0.64,0.36,0
FMN2_1:240371121:T:A,FMN2,SNV_INDEL_DNV,SNV,synonymous SNV,N,K167,THROMBUS_RV,subclonal,clonal,shared,selected,F,49.0,Clear Cell,N,III,3.0,95,non_driver_subtype,C4_Hi_ITH_Hi_WGII,,0.41,3.0,1
KMT2C_7:151935910:C:T,KMT2C,SNV_INDEL_DNV,SNV,nonsynonymous SNV,Y,K167,THROMBUS_RV,subclonal,clonal,shared,selected,F,49.0,Clear Cell,N,III,3.0,95,non_driver_subtype,C4_Hi_ITH_Hi_WGII,,0.41,3.0,1
TP53BP1_15:43762082:T:C,TP53BP1,SNV_INDEL_DNV,SNV,nonsynonymous SNV,N,K167,THROMBUS_RV,subclonal,,private.to.primary,not_selected,F,49.0,Clear Cell,N,III,3.0,95,non_driver_subtype,C4_Hi_ITH_Hi_WGII,,0.41,3.0,0
MTOR_1:11188164:G:C,MTOR,SNV_INDEL_DNV,SNV,nonsynonymous SNV,Y,K167,THROMBUS_RV,subclonal,,private.to.primary,not_selected,F,49.0,Clear Cell,N,III,3.0,95,non_driver_subtype,C4_Hi_ITH_Hi_WGII,,0.41,3.0,0
KDM6A_23:44941861:A:G,KDM6A,SNV_INDEL_DNV,SNV,nonsynonymous SNV,Y,K167,THROMBUS_RV,subclonal,,private.to.primary,not_selected,F,49.0,Clear Cell,N,III,3.0,95,non_driver_subtype,C4_Hi_ITH_Hi_WGII,,0.41,3.0,0
PIK3CA_3:178952074:G:A,PIK3CA,SNV_INDEL_DNV,SNV,nonsynonymous SNV,N,K167,THROMBUS_RV,subclonal,,private.to.primary,not_selected,F,49.0,Clear Cell,N,III,3.0,95,non_driver_subtype,C4_Hi_ITH_Hi_WGII,,0.41,3.0,0
BAP1_3:52436678:52436689:TCTGG:-,BAP1,SNV_INDEL_DNV,INDEL,nonframeshift deletion,Y,K167,THROMBUS_RV,subclonal,,private.to.primary,not_selected,F,49.0,Clear Cell,N,III,3.0,95,non_driver_subtype,C4_Hi_ITH_Hi_WGII,,0.41,3.0,0
TSC1_9:135786388:135786388:C:-,TSC1,SNV_INDEL_DNV,INDEL,.,Y,K167,THROMBUS_RV,subclonal,,private.to.primary,not_selected,F,49.0,Clear Cell,N,III,3.0,95,non_driver_subtype,C4_Hi_ITH_Hi_WGII,,0.41,3.0,0
MYH1_17:10411788:G:A,MYH1,SNV_INDEL_DNV,SNV,nonsynonymous SNV,Y,K207,THROMBUS_RV,subclonal,,private.to.primary,not_selected,F,60.0,Clear Cell,N,III,3.0,77,non_driver_subtype,C4_Hi_ITH_Hi_WGII,,0.49,1.5,0
ZNF536_19:31040196:C:T,ZNF536,SNV_INDEL_DNV,SNV,nonsynonymous SNV,N,K208,BONE_SPINE,subclonal,clonal,shared,selected,M,64.0,Clear Cell,N,IV,3.0,58,PBRM1-->SETD2,C1_Lo_ITH_Lo_WGII,Attenuated,0.14,0.25,1
SETD2_3:47125284:G:A,SETD2,SNV_INDEL_DNV,SNV,stopgain,Y,K208,BONE_SPINE,subclonal,,private.to.primary,not_selected,M,64.0,Clear Cell,N,IV,3.0,58,PBRM1-->SETD2,C1_Lo_ITH_Lo_WGII,Attenuated,0.14,0.25,0
ROS1_6:117686366:A:T,ROS1,SNV_INDEL_DNV,SNV,nonsynonymous SNV,N,K208,BONE_SPINE,subclonal,,private.to.primary,not_selected,M,64.0,Clear Cell,N,IV,3.0,58,PBRM1-->SETD2,C1_Lo_ITH_Lo_WGII,Attenuated,0.14,0.25,0
KDM5C_23:53247098:C:T,KDM5C,SNV_INDEL_DNV,SNV,stopgain,Y,K245,THROMBUS_IVC,subclonal,clonal,shared,selected,M,67.0,Clear Cell,N,III,3.0,105,Multiple_Clonal_Drivers,C1_Lo_ITH_Lo_WGII,,0.23,0.8,1
SYNE2_14:64574295:A:G,SYNE2,SNV_INDEL_DNV,SNV,synonymous SNV,N,K280,BONE_SHOULDER,subclonal,clonal,shared,selected,M,69.0,Clear Cell,N,IV,3.0,60,non_driver_subtype,C4_Hi_ITH_Hi_WGII,Attenuated,0.36,1.4,1
KDM5C_23:53225225:53225242:GGATG:-,KDM5C,SNV_INDEL_DNV,INDEL,nonframeshift deletion,Y,K280,BONE_SHOULDER,subclonal,clonal,shared,selected,M,69.0,Clear Cell,N,IV,3.0,60,non_driver_subtype,C4_Hi_ITH_Hi_WGII,Attenuated,0.36,1.4,1
ZNF804A_2:185800938:185800938:A:-,ZNF804A,SNV_INDEL_DNV,INDEL,frameshift deletion,Y,K280,BONE_SHOULDER,subclonal,,private.to.primary,not_selected,M,69.0,Clear Cell,N,IV,3.0,60,non_driver_subtype,C4_Hi_ITH_Hi_WGII,Attenuated,0.36,1.4,0
BAP1_3:52441257:G:T,BAP1,SNV_INDEL_DNV,SNV,synonymous SNV,N,K326,THROMBUS_RV,subclonal,clonal,shared,selected,M,63.0,Clear Cell,N,IV,4.0,145,Multiple_Clonal_Drivers,C3_Lo_ITH_Hi_WGII,Rapid,0.5,1.0,1
BAP1_3:52441257:G:T,BAP1,SNV_INDEL_DNV,SNV,synonymous SNV,N,K326,LIVER,subclonal,clonal,shared,selected,M,63.0,Clear Cell,N,IV,4.0,145,Multiple_Clonal_Drivers,C3_Lo_ITH_Hi_WGII,Rapid,0.5,1.0,1
FAT3_11:92532584:T:C,FAT3,SNV_INDEL_DNV,SNV,synonymous SNV,N,K326,THROMBUS_RV,subclonal,clonal,shared,selected,M,63.0,Clear Cell,N,IV,4.0,145,Multiple_Clonal_Drivers,C3_Lo_ITH_Hi_WGII,Rapid,0.5,1.0,1
FAT3_11:92532584:T:C,FAT3,SNV_INDEL_DNV,SNV,synonymous SNV,N,K326,LIVER,subclonal,,private.to.primary,not_selected,M,63.0,Clear Cell,N,IV,4.0,145,Multiple_Clonal_Drivers,C3_Lo_ITH_Hi_WGII,Rapid,0.5,1.0,0
FMN2_1:240371517:T:A,FMN2,SNV_INDEL_DNV,SNV,synonymous SNV,N,K326,THROMBUS_RV,subclonal,clonal,shared,selected,M,63.0,Clear Cell,N,IV,4.0,145,Multiple_Clonal_Drivers,C3_Lo_ITH_Hi_WGII,Rapid,0.5,1.0,1
FMN2_1:240371517:T:A,FMN2,SNV_INDEL_DNV,SNV,synonymous SNV,N,K326,LIVER,subclonal,clonal,shared,selected,M,63.0,Clear Cell,N,IV,4.0,145,Multiple_Clonal_Drivers,C3_Lo_ITH_Hi_WGII,Rapid,0.5,1.0,1
KMT2C_7:151917642:C:T,KMT2C,SNV_INDEL_DNV,SNV,synonymous SNV,N,K326,THROMBUS_RV,subclonal,clonal,shared,selected,M,63.0,Clear Cell,N,IV,4.0,145,Multiple_Clonal_Drivers,C3_Lo_ITH_Hi_WGII,Rapid,0.5,1.0,1
KMT2C_7:151917642:C:T,KMT2C,SNV_INDEL_DNV,SNV,synonymous SNV,N,K326,LIVER,subclonal,,private.to.primary,not_selected,M,63.0,Clear Cell,N,IV,4.0,145,Multiple_Clonal_Drivers,C3_Lo_ITH_Hi_WGII,Rapid,0.5,1.0,0
PTEN_10:89717777:G:A,PTEN,SNV_INDEL_DNV,SNV,.,Y,K326,THROMBUS_RV,subclonal,,private.to.primary,not_selected,M,63.0,Clear Cell,N,IV,4.0,145,Multiple_Clonal_Drivers,C3_Lo_ITH_Hi_WGII,Rapid,0.5,1.0,0
PTEN_10:89717777:G:A,PTEN,SNV_INDEL_DNV,SNV,.,Y,K326,LIVER,subclonal,,private.to.primary,not_selected,M,63.0,Clear Cell,N,IV,4.0,145,Multiple_Clonal_Drivers,C3_Lo_ITH_Hi_WGII,Rapid,0.5,1.0,0
FAT2_5:150900915:C:T,FAT2,SNV_INDEL_DNV,SNV,nonsynonymous SNV,N,K326,THROMBUS_RV,subclonal,,private.to.primary,not_selected,M,63.0,Clear Cell,N,IV,4.0,145,Multiple_Clonal_Drivers,C3_Lo_ITH_Hi_WGII,Rapid,0.5,1.0,0
FAT2_5:150900915:C:T,FAT2,SNV_INDEL_DNV,SNV,nonsynonymous SNV,N,K326,LIVER,subclonal,,private.to.primary,not_selected,M,63.0,Clear Cell,N,IV,4.0,145,Multiple_Clonal_Drivers,C3_Lo_ITH_Hi_WGII,Rapid,0.5,1.0,0
PTEN_10:89712007:89712007:G:-,PTEN,SNV_INDEL_DNV,INDEL,frameshift deletion,Y,K326,THROMBUS_RV,subclonal,,private.to.primary,not_selected,M,63.0,Clear Cell,N,IV,4.0,145,Multiple_Clonal_Drivers,C3_Lo_ITH_Hi_WGII,Rapid,0.5,1.0,0
PTEN_10:89712007:89712007:G:-,PTEN,SNV_INDEL_DNV,INDEL,frameshift deletion,Y,K326,LIVER,subclonal,,private.to.primary,not_selected,M,63.0,Clear Cell,N,IV,4.0,145,Multiple_Clonal_Drivers,C3_Lo_ITH_Hi_WGII,Rapid,0.5,1.0,0
KDM5C_23:53226177:53226183:AGGGC:-,KDM5C,SNV_INDEL_DNV,INDEL,frameshift deletion,Y,K326,THROMBUS_RV,subclonal,,private.to.primary,not_selected,M,63.0,Clear Cell,N,IV,4.0,145,Multiple_Clonal_Drivers,C3_Lo_ITH_Hi_WGII,Rapid,0.5,1.0,0
KDM5C_23:53226177:53226183:AGGGC:-,KDM5C,SNV_INDEL_DNV,INDEL,frameshift deletion,Y,K326,LIVER,subclonal,,private.to.primary,not_selected,M,63.0,Clear Cell,N,IV,4.0,145,Multiple_Clonal_Drivers,C3_Lo_ITH_Hi_WGII,Rapid,0.5,1.0,0
PKHD1L1_8:110465085:A:T,PKHD1L1,SNV_INDEL_DNV,SNV,stopgain,Y,K328,THROMBUS_RV,subclonal,,private.to.primary,not_selected,M,76.0,Clear Cell,N,IV,4.0,150,Multiple_Clonal_Drivers,C3_Lo_ITH_Hi_WGII,,0.71,0.67,0
TP53_17:7578555:C:G,TP53,SNV_INDEL_DNV,SNV,.,Y,K328,THROMBUS_RV,subclonal,,private.to.primary,not_selected,M,76.0,Clear Cell,N,IV,4.0,150,Multiple_Clonal_Drivers,C3_Lo_ITH_Hi_WGII,,0.71,0.67,0
VWA3B_2:98744737:T:C,VWA3B,SNV_INDEL_DNV,SNV,synonymous SNV,N,K328,THROMBUS_RV,subclonal,,private.to.primary,not_selected,M,76.0,Clear Cell,N,IV,4.0,150,Multiple_Clonal_Drivers,C3_Lo_ITH_Hi_WGII,,0.71,0.67,0
PIK3CA_3:178916866:G:A,PIK3CA,SNV_INDEL_DNV,SNV,nonsynonymous SNV,Y,K328,THROMBUS_RV,subclonal,,private.to.primary,not_selected,M,76.0,Clear Cell,N,IV,4.0,150,Multiple_Clonal_Drivers,C3_Lo_ITH_Hi_WGII,,0.71,0.67,0
KDM5C_23:53239960:A:T,KDM5C,SNV_INDEL_DNV,SNV,nonsynonymous SNV,Y,K386,LN_RP,subclonal,clonal,shared,selected,M,52.0,Clear Cell,N,IV,3.0,170,non_driver_subtype,C2_Hi_ITH_Lo_WGII,Attenuated,0.32,1.5,1
ABCA13_7:48313330:G:A,ABCA13,SNV_INDEL_DNV,SNV,nonsynonymous SNV,N,K386,LN_RP,subclonal,clonal,shared,selected,M,52.0,Clear Cell,N,IV,3.0,170,non_driver_subtype,C2_Hi_ITH_Lo_WGII,Attenuated,0.32,1.5,1
ABCA13_7:48280497:C:G,ABCA13,SNV_INDEL_DNV,SNV,nonsynonymous SNV,N,K386,LN_RP,subclonal,,private.to.primary,not_selected,M,52.0,Clear Cell,N,IV,3.0,170,non_driver_subtype,C2_Hi_ITH_Lo_WGII,Attenuated,0.32,1.5,0
TRRAP_7:98609089:C:G,TRRAP,SNV_INDEL_DNV,SNV,nonsynonymous SNV,Y,K386,LN_RP,subclonal,,private.to.primary,not_selected,M,52.0,Clear Cell,N,IV,3.0,170,non_driver_subtype,C2_Hi_ITH_Lo_WGII,Attenuated,0.32,1.5,0
KDM5C_23:53224161:53224162:TG:-,KDM5C,SNV_INDEL_DNV,INDEL,frameshift deletion,Y,K386,LN_RP,subclonal,,private.to.primary,not_selected,M,52.0,Clear Cell,N,IV,3.0,170,non_driver_subtype,C2_Hi_ITH_Lo_WGII,Attenuated,0.32,1.5,0
C5orf60_5:179071836:C:T,C5orf60,SNV_INDEL_DNV,SNV,synonymous SNV,N,K427,ADRENAL_CL,subclonal,clonal,shared,selected,M,72.0,Clear Cell,Y,IV,4.0,130,VHL_wt,C4_Hi_ITH_Hi_WGII,Attenuated,0.79,3.33,1
C5orf60_5:179071836:C:T,C5orf60,SNV_INDEL_DNV,SNV,synonymous SNV,N,K427,THROMBUS_IVC,subclonal,clonal,shared,selected,M,72.0,Clear Cell,Y,IV,4.0,130,VHL_wt,C4_Hi_ITH_Hi_WGII,Attenuated,0.79,3.33,1
ZFHX4_8:77616927:G:A,ZFHX4,SNV_INDEL_DNV,SNV,nonsynonymous SNV,Y,K096,THROMBUS_IVC,subclonal,clonal,shared,selected,F,68.0,Clear Cell,Y,IV,4.0,135,BAP1_driven,C4_Hi_ITH_Hi_WGII,Attenuated,0.6,3.0,1
ZFHX4_8:77616927:G:A,ZFHX4,SNV_INDEL_DNV,SNV,nonsynonymous SNV,Y,K096,ADRENAL_IL,subclonal,clonal,shared,selected,F,68.0,Clear Cell,Y,IV,4.0,135,BAP1_driven,C4_Hi_ITH_Hi_WGII,Attenuated,0.6,3.0,1
ZFHX4_8:77616927:G:A,ZFHX4,SNV_INDEL_DNV,SNV,nonsynonymous SNV,Y,K096,LN_HI,subclonal,clonal,shared,selected,F,68.0,Clear Cell,Y,IV,4.0,135,BAP1_driven,C4_Hi_ITH_Hi_WGII,Attenuated,0.6,3.0,1
ZFHX4_8:77616927:G:A,ZFHX4,SNV_INDEL_DNV,SNV,nonsynonymous SNV,Y,K096,LN_PA,subclonal,clonal,shared,selected,F,68.0,Clear Cell,Y,IV,4.0,135,BAP1_driven,C4_Hi_ITH_Hi_WGII,Attenuated,0.6,3.0,1
TSC2_16:2115616:G:C,TSC2,SNV_INDEL_DNV,SNV,nonsynonymous SNV,Y,K096,THROMBUS_IVC,subclonal,,private.to.primary,not_selected,F,68.0,Clear Cell,Y,IV,4.0,135,BAP1_driven,C4_Hi_ITH_Hi_WGII,Attenuated,0.6,3.0,0
TSC2_16:2115616:G:C,TSC2,SNV_INDEL_DNV,SNV,nonsynonymous SNV,Y,K096,ADRENAL_IL,subclonal,,private.to.primary,not_selected,F,68.0,Clear Cell,Y,IV,4.0,135,BAP1_driven,C4_Hi_ITH_Hi_WGII,Attenuated,0.6,3.0,0
TSC2_16:2115616:G:C,TSC2,SNV_INDEL_DNV,SNV,nonsynonymous SNV,Y,K096,LN_HI,subclonal,,private.to.primary,not_selected,F,68.0,Clear Cell,Y,IV,4.0,135,BAP1_driven,C4_Hi_ITH_Hi_WGII,Attenuated,0.6,3.0,0
TSC2_16:2115616:G:C,TSC2,SNV_INDEL_DNV,SNV,nonsynonymous SNV,Y,K096,LN_PA,subclonal,,private.to.primary,not_selected,F,68.0,Clear Cell,Y,IV,4.0,135,BAP1_driven,C4_Hi_ITH_Hi_WGII,Attenuated,0.6,3.0,0
TP53_17:7577096:T:C,TP53,SNV_INDEL_DNV,SNV,nonsynonymous SNV,Y,K096,THROMBUS_IVC,subclonal,,private.to.primary,not_selected,F,68.0,Clear Cell,Y,IV,4.0,135,BAP1_driven,C4_Hi_ITH_Hi_WGII,Attenuated,0.6,3.0,0
TP53_17:7577096:T:C,TP53,SNV_INDEL_DNV,SNV,nonsynonymous SNV,Y,K096,ADRENAL_IL,subclonal,,private.to.primary,not_selected,F,68.0,Clear Cell,Y,IV,4.0,135,BAP1_driven,C4_Hi_ITH_Hi_WGII,Attenuated,0.6,3.0,0
TP53_17:7577096:T:C,TP53,SNV_INDEL_DNV,SNV,nonsynonymous SNV,Y,K096,LN_HI,subclonal,,private.to.primary,not_selected,F,68.0,Clear Cell,Y,IV,4.0,135,BAP1_driven,C4_Hi_ITH_Hi_WGII,Attenuated,0.6,3.0,0
TP53_17:7577096:T:C,TP53,SNV_INDEL_DNV,SNV,nonsynonymous SNV,Y,K096,LN_PA,subclonal,,private.to.primary,not_selected,F,68.0,Clear Cell,Y,IV,4.0,135,BAP1_driven,C4_Hi_ITH_Hi_WGII,Attenuated,0.6,3.0,0
MUC17_7:100684419:T:C,MUC17,SNV_INDEL_DNV,SNV,nonsynonymous SNV,N,K096,THROMBUS_IVC,subclonal,,private.to.primary,not_selected,F,68.0,Clear Cell,Y,IV,4.0,135,BAP1_driven,C4_Hi_ITH_Hi_WGII,Attenuated,0.6,3.0,0
MUC17_7:100684419:T:C,MUC17,SNV_INDEL_DNV,SNV,nonsynonymous SNV,N,K096,ADRENAL_IL,subclonal,clonal,shared,selected,F,68.0,Clear Cell,Y,IV,4.0,135,BAP1_driven,C4_Hi_ITH_Hi_WGII,Attenuated,0.6,3.0,1
MUC17_7:100684419:T:C,MUC17,SNV_INDEL_DNV,SNV,nonsynonymous SNV,N,K096,LN_HI,subclonal,clonal,shared,selected,F,68.0,Clear Cell,Y,IV,4.0,135,BAP1_driven,C4_Hi_ITH_Hi_WGII,Attenuated,0.6,3.0,1
MUC17_7:100684419:T:C,MUC17,SNV_INDEL_DNV,SNV,nonsynonymous SNV,N,K096,LN_PA,subclonal,clonal,shared,selected,F,68.0,Clear Cell,Y,IV,4.0,135,BAP1_driven,C4_Hi_ITH_Hi_WGII,Attenuated,0.6,3.0,1
SETD2_3:47108570:47108582:CTTTT:-,SETD2,SNV_INDEL_DNV,INDEL,frameshift deletion,Y,K096,THROMBUS_IVC,subclonal,,private.to.primary,not_selected,F,68.0,Clear Cell,Y,IV,4.0,135,BAP1_driven,C4_Hi_ITH_Hi_WGII,Attenuated,0.6,3.0,0
SETD2_3:47108570:47108582:CTTTT:-,SETD2,SNV_INDEL_DNV,INDEL,frameshift deletion,Y,K096,ADRENAL_IL,subclonal,,private.to.primary,not_selected,F,68.0,Clear Cell,Y,IV,4.0,135,BAP1_driven,C4_Hi_ITH_Hi_WGII,Attenuated,0.6,3.0,0
SETD2_3:47108570:47108582:CTTTT:-,SETD2,SNV_INDEL_DNV,INDEL,frameshift deletion,Y,K096,LN_HI,subclonal,,private.to.primary,not_selected,F,68.0,Clear Cell,Y,IV,4.0,135,BAP1_driven,C4_Hi_ITH_Hi_WGII,Attenuated,0.6,3.0,0
SETD2_3:47108570:47108582:CTTTT:-,SETD2,SNV_INDEL_DNV,INDEL,frameshift deletion,Y,K096,LN_PA,subclonal,,private.to.primary,not_selected,F,68.0,Clear Cell,Y,IV,4.0,135,BAP1_driven,C4_Hi_ITH_Hi_WGII,Attenuated,0.6,3.0,0
MUC4_3:195487823:C:T,MUC4,SNV_INDEL_DNV,SNV,nonsynonymous SNV,N,K139,THROMBUS_IVC,subclonal,,private.to.primary,not_selected,F,70.0,Clear Cell,N,III,3.0,80,PBRM1-->PI3K,C3_Lo_ITH_Hi_WGII,,0.5,1.0,0
CEP128_14:81259202:C:A,CEP128,SNV_INDEL_DNV,SNV,stopgain,Y,K139,THROMBUS_IVC,subclonal,,private.to.primary,not_selected,F,70.0,Clear Cell,N,III,3.0,80,PBRM1-->PI3K,C3_Lo_ITH_Hi_WGII,,0.5,1.0,0
TP53_17:7578556:T:C,TP53,SNV_INDEL_DNV,SNV,.,Y,K139,THROMBUS_IVC,subclonal,,private.to.primary,not_selected,F,70.0,Clear Cell,N,III,3.0,80,PBRM1-->PI3K,C3_Lo_ITH_Hi_WGII,,0.5,1.0,0
KEAP1_19:10597488:T:C,KEAP1,SNV_INDEL_DNV,SNV,nonsynonymous SNV,N,K139,THROMBUS_IVC,subclonal,,private.to.primary,not_selected,F,70.0,Clear Cell,N,III,3.0,80,PBRM1-->PI3K,C3_Lo_ITH_Hi_WGII,,0.5,1.0,0
SMARCA4_19:11169489:G:T,SMARCA4,SNV_INDEL_DNV,SNV,nonsynonymous SNV,Y,K139,THROMBUS_IVC,subclonal,,private.to.primary,not_selected,F,70.0,Clear Cell,N,III,3.0,80,PBRM1-->PI3K,C3_Lo_ITH_Hi_WGII,,0.5,1.0,0
PIK3CA_3:178927980:T:C,PIK3CA,SNV_INDEL_DNV,SNV,nonsynonymous SNV,N,K139,THROMBUS_IVC,subclonal,,private.to.primary,not_selected,F,70.0,Clear Cell,N,III,3.0,80,PBRM1-->PI3K,C3_Lo_ITH_Hi_WGII,,0.5,1.0,0
ATM_11:108183199:108183203:AAAGA:-,ATM,SNV_INDEL_DNV,INDEL,frameshift deletion,Y,K139,THROMBUS_IVC,subclonal,,private.to.primary,not_selected,F,70.0,Clear Cell,N,III,3.0,80,PBRM1-->PI3K,C3_Lo_ITH_Hi_WGII,,0.5,1.0,0
Loss_9p21.3,9p21.3,driverSCNA,Loss,,,K059,THROMBUS_RV,subclonal,clonal,shared,selected,M,47.0,Clear Cell,N,III,3.0,170,PBRM1-->PI3K,C1_Lo_ITH_Lo_WGII,,0.27,1.0,1
Gain_2q14.3,2q14.3,driverSCNA,Gain,,,K059,THROMBUS_RV,subclonal,,private.to.primary,not_selected,M,47.0,Clear Cell,N,III,3.0,170,PBRM1-->PI3K,C1_Lo_ITH_Lo_WGII,,0.27,1.0,0
Gain_12p11.21,12p11.21,driverSCNA,Gain,,,K059,THROMBUS_RV,subclonal,,private.to.primary,not_selected,M,47.0,Clear Cell,N,III,3.0,170,PBRM1-->PI3K,C1_Lo_ITH_Lo_WGII,,0.27,1.0,0
Gain_20q13.33,20q13.33,driverSCNA,Gain,,,K059,THROMBUS_RV,subclonal,,private.to.primary,not_selected,M,47.0,Clear Cell,N,III,3.0,170,PBRM1-->PI3K,C1_Lo_ITH_Lo_WGII,,0.27,1.0,0
Gain_7q22.3,7q22.3,driverSCNA,Gain,,,K059,THROMBUS_RV,subclonal,,private.to.primary,not_selected,M,47.0,Clear Cell,N,III,3.0,170,PBRM1-->PI3K,C1_Lo_ITH_Lo_WGII,,0.27,1.0,0
Gain_8q24.21,8q24.21,driverSCNA,Gain,,,K153,LN_PA,subclonal,clonal,shared,selected,M,62.0,Clear Cell,N,IV,4.0,90,BAP1_driven,C4_Hi_ITH_Hi_WGII,Rapid,0.42,5.5,1
Gain_8q24.21,8q24.21,driverSCNA,Gain,,,K153,LN_AC,subclonal,clonal,shared,selected,M,62.0,Clear Cell,N,IV,4.0,90,BAP1_driven,C4_Hi_ITH_Hi_WGII,Rapid,0.42,5.5,1
Gain_8q24.21,8q24.21,driverSCNA,Gain,,,K153,LUNG,subclonal,clonal,shared,selected,M,62.0,Clear Cell,N,IV,4.0,90,BAP1_driven,C4_Hi_ITH_Hi_WGII,Rapid,0.42,5.5,1
Gain_12p11.21,12p11.21,driverSCNA,Gain,,,K153,LN_PA,subclonal,clonal,shared,selected,M,62.0,Clear Cell,N,IV,4.0,90,BAP1_driven,C4_Hi_ITH_Hi_WGII,Rapid,0.42,5.5,1
Gain_12p11.21,12p11.21,driverSCNA,Gain,,,K153,LN_AC,subclonal,clonal,shared,selected,M,62.0,Clear Cell,N,IV,4.0,90,BAP1_driven,C4_Hi_ITH_Hi_WGII,Rapid,0.42,5.5,1
Gain_12p11.21,12p11.21,driverSCNA,Gain,,,K153,LUNG,subclonal,clonal,shared,selected,M,62.0,Clear Cell,N,IV,4.0,90,BAP1_driven,C4_Hi_ITH_Hi_WGII,Rapid,0.42,5.5,1
Loss_1p36.11,1p36.11,driverSCNA,Loss,,,K153,LN_PA,subclonal,clonal,shared,selected,M,62.0,Clear Cell,N,IV,4.0,90,BAP1_driven,C4_Hi_ITH_Hi_WGII,Rapid,0.42,5.5,1
Loss_1p36.11,1p36.11,driverSCNA,Loss,,,K153,LN_AC,subclonal,clonal,shared,selected,M,62.0,Clear Cell,N,IV,4.0,90,BAP1_driven,C4_Hi_ITH_Hi_WGII,Rapid,0.42,5.5,1
Loss_1p36.11,1p36.11,driverSCNA,Loss,,,K153,LUNG,subclonal,clonal,shared,selected,M,62.0,Clear Cell,N,IV,4.0,90,BAP1_driven,C4_Hi_ITH_Hi_WGII,Rapid,0.42,5.5,1
Loss_9p21.3,9p21.3,driverSCNA,Loss,,,K153,LN_PA,subclonal,clonal,shared,selected,M,62.0,Clear Cell,N,IV,4.0,90,BAP1_driven,C4_Hi_ITH_Hi_WGII,Rapid,0.42,5.5,1
Loss_9p21.3,9p21.3,driverSCNA,Loss,,,K153,LN_AC,subclonal,clonal,shared,selected,M,62.0,Clear Cell,N,IV,4.0,90,BAP1_driven,C4_Hi_ITH_Hi_WGII,Rapid,0.42,5.5,1
Loss_9p21.3,9p21.3,driverSCNA,Loss,,,K153,LUNG,subclonal,clonal,shared,selected,M,62.0,Clear Cell,N,IV,4.0,90,BAP1_driven,C4_Hi_ITH_Hi_WGII,Rapid,0.42,5.5,1
Loss_14q31.1,14q31.1,driverSCNA,Loss,,,K153,LN_PA,subclonal,clonal,shared,selected,M,62.0,Clear Cell,N,IV,4.0,90,BAP1_driven,C4_Hi_ITH_Hi_WGII,Rapid,0.42,5.5,1
Loss_14q31.1,14q31.1,driverSCNA,Loss,,,K153,LN_AC,subclonal,clonal,shared,selected,M,62.0,Clear Cell,N,IV,4.0,90,BAP1_driven,C4_Hi_ITH_Hi_WGII,Rapid,0.42,5.5,1
Loss_14q31.1,14q31.1,driverSCNA,Loss,,,K153,LUNG,subclonal,clonal,shared,selected,M,62.0,Clear Cell,N,IV,4.0,90,BAP1_driven,C4_Hi_ITH_Hi_WGII,Rapid,0.42,5.5,1
Loss_4q34.3,4q34.3,driverSCNA,Loss,,,K153,LN_AC,subclonal,,private.to.primary,not_selected,M,62.0,Clear Cell,N,IV,4.0,90,BAP1_driven,C4_Hi_ITH_Hi_WGII,Rapid,0.42,5.5,0
Loss_4q34.3,4q34.3,driverSCNA,Loss,,,K153,LUNG,subclonal,clonal,shared,selected,M,62.0,Clear Cell,N,IV,4.0,90,BAP1_driven,C4_Hi_ITH_Hi_WGII,Rapid,0.42,5.5,1
Loss_14q31.1,14q31.1,driverSCNA,Loss,,,K169,THROMBUS_IVC,subclonal,clonal,shared,selected,F,68.0,Clear Cell,N,III,4.0,125,VHL_wt,C4_Hi_ITH_Hi_WGII,,0.46,1.8,1
Gain_20q13.33,20q13.33,driverSCNA,Gain,,,K169,THROMBUS_IVC,subclonal,clonal,shared,selected,F,68.0,Clear Cell,N,III,4.0,125,VHL_wt,C4_Hi_ITH_Hi_WGII,,0.46,1.8,1
Loss_6q22.33,6q22.33,driverSCNA,Loss,,,K169,THROMBUS_IVC,subclonal,clonal,shared,selected,F,68.0,Clear Cell,N,III,4.0,125,VHL_wt,C4_Hi_ITH_Hi_WGII,,0.46,1.8,1
Loss_9p21.3,9p21.3,driverSCNA,Loss,,,K169,THROMBUS_IVC,subclonal,clonal,shared,selected,F,68.0,Clear Cell,N,III,4.0,125,VHL_wt,C4_Hi_ITH_Hi_WGII,,0.46,1.8,1
Loss_3p25.3,3p25.3,driverSCNA,Loss,,,K169,THROMBUS_IVC,subclonal,,private.to.primary,not_selected,F,68.0,Clear Cell,N,III,4.0,125,VHL_wt,C4_Hi_ITH_Hi_WGII,,0.46,1.8,0
Loss_4q34.3,4q34.3,driverSCNA,Loss,,,K169,THROMBUS_IVC,subclonal,,private.to.primary,not_selected,F,68.0,Clear Cell,N,III,4.0,125,VHL_wt,C4_Hi_ITH_Hi_WGII,,0.46,1.8,0
Gain_2q14.3,2q14.3,driverSCNA,Gain,,,K169,THROMBUS_IVC,subclonal,,private.to.primary,not_selected,F,68.0,Clear Cell,N,III,4.0,125,VHL_wt,C4_Hi_ITH_Hi_WGII,,0.46,1.8,0
Gain_7q22.3,7q22.3,driverSCNA,Gain,,,K169,THROMBUS_IVC,subclonal,,private.to.primary,not_selected,F,68.0,Clear Cell,N,III,4.0,125,VHL_wt,C4_Hi_ITH_Hi_WGII,,0.46,1.8,0
Gain_12p11.21,12p11.21,driverSCNA,Gain,,,K169,THROMBUS_IVC,subclonal,,private.to.primary,not_selected,F,68.0,Clear Cell,N,III,4.0,125,VHL_wt,C4_Hi_ITH_Hi_WGII,,0.46,1.8,0
Loss_1p36.11,1p36.11,driverSCNA,Loss,,,K180,THROMBUS_IVC,subclonal,,private.to.primary,not_selected,F,78.0,Clear Cell,N,III,2.0,90,PBRM1-->PI3K,C2_Hi_ITH_Lo_WGII,Attenuated,0.09,1.67,0
Loss_9p21.3,9p21.3,driverSCNA,Loss,,,K180,THROMBUS_IVC,subclonal,,private.to.primary,not_selected,F,78.0,Clear Cell,N,III,2.0,90,PBRM1-->PI3K,C2_Hi_ITH_Lo_WGII,Attenuated,0.09,1.67,0
Loss_14q31.1,14q31.1,driverSCNA,Loss,,,K180,THROMBUS_IVC,subclonal,,private.to.primary,not_selected,F,78.0,Clear Cell,N,III,2.0,90,PBRM1-->PI3K,C2_Hi_ITH_Lo_WGII,Attenuated,0.09,1.67,0
Loss_9p21.3,9p21.3,driverSCNA,Loss,,,K191,THROMBUS_IVC,subclonal,,private.to.primary,not_selected,F,58.0,Clear Cell,N,III,2.0,180,BAP1_driven,C4_Hi_ITH_Hi_WGII,,0.8,1.67,0
Gain_1q25.1,1q25.1,driverSCNA,Gain,,,K191,THROMBUS_IVC,subclonal,,private.to.primary,not_selected,F,58.0,Clear Cell,N,III,2.0,180,BAP1_driven,C4_Hi_ITH_Hi_WGII,,0.8,1.67,0
Gain_2q14.3,2q14.3,driverSCNA,Gain,,,K191,THROMBUS_IVC,subclonal,,private.to.primary,not_selected,F,58.0,Clear Cell,N,III,2.0,180,BAP1_driven,C4_Hi_ITH_Hi_WGII,,0.8,1.67,0
Gain_7q22.3,7q22.3,driverSCNA,Gain,,,K191,THROMBUS_IVC,subclonal,,private.to.primary,not_selected,F,58.0,Clear Cell,N,III,2.0,180,BAP1_driven,C4_Hi_ITH_Hi_WGII,,0.8,1.67,0
Gain_20q13.33,20q13.33,driverSCNA,Gain,,,K191,THROMBUS_IVC,subclonal,,private.to.primary,not_selected,F,58.0,Clear Cell,N,III,2.0,180,BAP1_driven,C4_Hi_ITH_Hi_WGII,,0.8,1.67,0
Gain_8q24.21,8q24.21,driverSCNA,Gain,,,K191,THROMBUS_IVC,subclonal,,private.to.primary,not_selected,F,58.0,Clear Cell,N,III,2.0,180,BAP1_driven,C4_Hi_ITH_Hi_WGII,,0.8,1.67,0
Loss_8p23.2,8p23.2,driverSCNA,Loss,,,K191,THROMBUS_IVC,subclonal,,private.to.primary,not_selected,F,58.0,Clear Cell,N,III,2.0,180,BAP1_driven,C4_Hi_ITH_Hi_WGII,,0.8,1.67,0
Gain_12p11.21,12p11.21,driverSCNA,Gain,,,K191,THROMBUS_IVC,subclonal,,private.to.primary,not_selected,F,58.0,Clear Cell,N,III,2.0,180,BAP1_driven,C4_Hi_ITH_Hi_WGII,,0.8,1.67,0
Loss_4q34.3,4q34.3,driverSCNA,Loss,,,K191,THROMBUS_IVC,subclonal,,private.to.primary,not_selected,F,58.0,Clear Cell,N,III,2.0,180,BAP1_driven,C4_Hi_ITH_Hi_WGII,,0.8,1.67,0
Loss_14q31.1,14q31.1,driverSCNA,Loss,,,K206,ADRENAL_CL,subclonal,clonal,shared,selected,M,67.0,Clear Cell,Y,IV,4.0,125,PBRM1-->SETD2,C2_Hi_ITH_Lo_WGII,Attenuated,0.33,2.67,1
Gain_7q22.3,7q22.3,driverSCNA,Gain,,,K206,ADRENAL_CL,subclonal,,private.to.primary,not_selected,M,67.0,Clear Cell,Y,IV,4.0,125,PBRM1-->SETD2,C2_Hi_ITH_Lo_WGII,Attenuated,0.33,2.67,0
Gain_2q14.3,2q14.3,driverSCNA,Gain,,,K206,ADRENAL_CL,subclonal,,private.to.primary,not_selected,M,67.0,Clear Cell,Y,IV,4.0,125,PBRM1-->SETD2,C2_Hi_ITH_Lo_WGII,Attenuated,0.33,2.67,0
Loss_9p21.3,9p21.3,driverSCNA,Loss,,,K206,ADRENAL_CL,subclonal,,private.to.primary,not_selected,M,67.0,Clear Cell,Y,IV,4.0,125,PBRM1-->SETD2,C2_Hi_ITH_Lo_WGII,Attenuated,0.33,2.67,0
Gain_1q25.1,1q25.1,driverSCNA,Gain,,,K206,ADRENAL_CL,subclonal,,private.to.primary,not_selected,M,67.0,Clear Cell,Y,IV,4.0,125,PBRM1-->SETD2,C2_Hi_ITH_Lo_WGII,Attenuated,0.33,2.67,0
Loss_4q34.3,4q34.3,driverSCNA,Loss,,,K206,ADRENAL_CL,subclonal,,private.to.primary,not_selected,M,67.0,Clear Cell,Y,IV,4.0,125,PBRM1-->SETD2,C2_Hi_ITH_Lo_WGII,Attenuated,0.33,2.67,0
Gain_1q25.1,1q25.1,driverSCNA,Gain,,,K228,ADRENAL_IL_D,subclonal,clonal,shared,selected,F,79.0,Clear Cell,Y,IV,4.0,110,PBRM1-->sCNA,C4_Hi_ITH_Hi_WGII,Attenuated,0.37,2.33,1
Loss_9p21.3,9p21.3,driverSCNA,Loss,,,K228,ADRENAL_IL_D,subclonal,clonal,shared,selected,F,79.0,Clear Cell,Y,IV,4.0,110,PBRM1-->sCNA,C4_Hi_ITH_Hi_WGII,Attenuated,0.37,2.33,1
Gain_5q35.3,5q35.3,driverSCNA,Gain,,,K228,ADRENAL_IL_D,subclonal,,private.to.primary,not_selected,F,79.0,Clear Cell,Y,IV,4.0,110,PBRM1-->sCNA,C4_Hi_ITH_Hi_WGII,Attenuated,0.37,2.33,0
Loss_8p23.2,8p23.2,driverSCNA,Loss,,,K228,ADRENAL_IL_D,subclonal,,private.to.primary,not_selected,F,79.0,Clear Cell,Y,IV,4.0,110,PBRM1-->sCNA,C4_Hi_ITH_Hi_WGII,Attenuated,0.37,2.33,0
Loss_1p36.11,1p36.11,driverSCNA,Loss,,,K229,LN_PA,subclonal,,private.to.primary,not_selected,M,49.0,Clear Cell,N,IV,3.0,120,non_driver_subtype,C3_Lo_ITH_Hi_WGII,Attenuated,0.38,0.25,0
Gain_7q22.3,7q22.3,driverSCNA,Gain,,,K234,THROMBUS_RV,subclonal,clonal,shared,selected,M,63.0,Clear Cell,N,III,3.0,70,BAP1_driven,C4_Hi_ITH_Hi_WGII,,0.52,2.5,1
Loss_14q31.1,14q31.1,driverSCNA,Loss,,,K234,THROMBUS_RV,subclonal,,private.to.primary,not_selected,M,63.0,Clear Cell,N,III,3.0,70,BAP1_driven,C4_Hi_ITH_Hi_WGII,,0.52,2.5,0
Loss_1p36.11,1p36.11,driverSCNA,Loss,,,K234,THROMBUS_RV,subclonal,clonal,shared,selected,M,63.0,Clear Cell,N,III,3.0,70,BAP1_driven,C4_Hi_ITH_Hi_WGII,,0.52,2.5,1
Gain_20q13.33,20q13.33,driverSCNA,Gain,,,K234,THROMBUS_RV,subclonal,,private.to.primary,not_selected,M,63.0,Clear Cell,N,III,3.0,70,BAP1_driven,C4_Hi_ITH_Hi_WGII,,0.52,2.5,0
Gain_8q24.21,8q24.21,driverSCNA,Gain,,,K234,THROMBUS_RV,subclonal,,private.to.primary,not_selected,M,63.0,Clear Cell,N,III,3.0,70,BAP1_driven,C4_Hi_ITH_Hi_WGII,,0.52,2.5,0
Loss_8p23.2,8p23.2,driverSCNA,Loss,,,K234,THROMBUS_RV,subclonal,,private.to.primary,not_selected,M,63.0,Clear Cell,N,III,3.0,70,BAP1_driven,C4_Hi_ITH_Hi_WGII,,0.52,2.5,0
Gain_12p11.21,12p11.21,driverSCNA,Gain,,,K234,THROMBUS_RV,subclonal,,private.to.primary,not_selected,M,63.0,Clear Cell,N,III,3.0,70,BAP1_driven,C4_Hi_ITH_Hi_WGII,,0.52,2.5,0
Loss_9p21.3,9p21.3,driverSCNA,Loss,,,K234,THROMBUS_RV,subclonal,,private.to.primary,not_selected,M,63.0,Clear Cell,N,III,3.0,70,BAP1_driven,C4_Hi_ITH_Hi_WGII,,0.52,2.5,0
Gain_2q14.3,2q14.3,driverSCNA,Gain,,,K234,THROMBUS_RV,subclonal,,private.to.primary,not_selected,M,63.0,Clear Cell,N,III,3.0,70,BAP1_driven,C4_Hi_ITH_Hi_WGII,,0.52,2.5,0
Loss_4q34.3,4q34.3,driverSCNA,Loss,,,K234,THROMBUS_RV,subclonal,,private.to.primary,not_selected,M,63.0,Clear Cell,N,III,3.0,70,BAP1_driven,C4_Hi_ITH_Hi_WGII,,0.52,2.5,0
Loss_14q31.1,14q31.1,driverSCNA,Loss,,,K239,THROMBUS_RV,subclonal,clonal,shared,selected,F,71.0,Clear Cell,N,III,3.0,71,non_driver_subtype,C2_Hi_ITH_Lo_WGII,,0.26,2.0,1
Gain_2q14.3,2q14.3,driverSCNA,Gain,,,K239,THROMBUS_RV,subclonal,,private.to.primary,not_selected,F,71.0,Clear Cell,N,III,3.0,71,non_driver_subtype,C2_Hi_ITH_Lo_WGII,,0.26,2.0,0
Gain_1q25.1,1q25.1,driverSCNA,Gain,,,K243,THROMBUS_RV,subclonal,clonal,shared,selected,F,84.0,Clear Cell,N,III,4.0,125,PBRM1-->SETD2,C4_Hi_ITH_Hi_WGII,Attenuated,0.49,13.5,1
Loss_14q31.1,14q31.1,driverSCNA,Loss,,,K243,THROMBUS_RV,subclonal,clonal,shared,selected,F,84.0,Clear Cell,N,III,4.0,125,PBRM1-->SETD2,C4_Hi_ITH_Hi_WGII,Attenuated,0.49,13.5,1
Gain_5q35.3,5q35.3,driverSCNA,Gain,,,K243,THROMBUS_RV,subclonal,,private.to.primary,not_selected,F,84.0,Clear Cell,N,III,4.0,125,PBRM1-->SETD2,C4_Hi_ITH_Hi_WGII,Attenuated,0.49,13.5,0
Loss_6q22.33,6q22.33,driverSCNA,Loss,,,K243,THROMBUS_RV,subclonal,,private.to.primary,not_selected,F,84.0,Clear Cell,N,III,4.0,125,PBRM1-->SETD2,C4_Hi_ITH_Hi_WGII,Attenuated,0.49,13.5,0
Loss_9p21.3,9p21.3,driverSCNA,Loss,,,K243,THROMBUS_RV,subclonal,,private.to.primary,not_selected,F,84.0,Clear Cell,N,III,4.0,125,PBRM1-->SETD2,C4_Hi_ITH_Hi_WGII,Attenuated,0.49,13.5,0
Gain_2q14.3,2q14.3,driverSCNA,Gain,,,K243,THROMBUS_RV,subclonal,,private.to.primary,not_selected,F,84.0,Clear Cell,N,III,4.0,125,PBRM1-->SETD2,C4_Hi_ITH_Hi_WGII,Attenuated,0.49,13.5,0
Gain_20q13.33,20q13.33,driverSCNA,Gain,,,K243,THROMBUS_RV,subclonal,,private.to.primary,not_selected,F,84.0,Clear Cell,N,III,4.0,125,PBRM1-->SETD2,C4_Hi_ITH_Hi_WGII,Attenuated,0.49,13.5,0
Loss_4q34.3,4q34.3,driverSCNA,Loss,,,K243,THROMBUS_RV,subclonal,,private.to.primary,not_selected,F,84.0,Clear Cell,N,III,4.0,125,PBRM1-->SETD2,C4_Hi_ITH_Hi_WGII,Attenuated,0.49,13.5,0
Loss_8p23.2,8p23.2,driverSCNA,Loss,,,K243,THROMBUS_RV,subclonal,,private.to.primary,not_selected,F,84.0,Clear Cell,N,III,4.0,125,PBRM1-->SETD2,C4_Hi_ITH_Hi_WGII,Attenuated,0.49,13.5,0
Gain_8q24.21,8q24.21,driverSCNA,Gain,,,K243,THROMBUS_RV,subclonal,,private.to.primary,not_selected,F,84.0,Clear Cell,N,III,4.0,125,PBRM1-->SETD2,C4_Hi_ITH_Hi_WGII,Attenuated,0.49,13.5,0
Gain_12p11.21,12p11.21,driverSCNA,Gain,,,K243,THROMBUS_RV,subclonal,,private.to.primary,not_selected,F,84.0,Clear Cell,N,III,4.0,125,PBRM1-->SETD2,C4_Hi_ITH_Hi_WGII,Attenuated,0.49,13.5,0
Gain_5q35.3,5q35.3,driverSCNA,Gain,,,K250,THROMBUS_RV,subclonal,clonal,shared,selected,M,51.0,Clear Cell,N,III,2.0,100,non_driver_subtype,C1_Lo_ITH_Lo_WGII,,0.34,0.71,1
Gain_12p11.21,12p11.21,driverSCNA,Gain,,,K250,THROMBUS_RV,subclonal,,private.to.primary,not_selected,M,51.0,Clear Cell,N,III,2.0,100,non_driver_subtype,C1_Lo_ITH_Lo_WGII,,0.34,0.71,0
Loss_9p21.3,9p21.3,driverSCNA,Loss,,,K250,THROMBUS_RV,subclonal,,private.to.primary,not_selected,M,51.0,Clear Cell,N,III,2.0,100,non_driver_subtype,C1_Lo_ITH_Lo_WGII,,0.34,0.71,0
Gain_20q13.33,20q13.33,driverSCNA,Gain,,,K250,THROMBUS_RV,subclonal,,private.to.primary,not_selected,M,51.0,Clear Cell,N,III,2.0,100,non_driver_subtype,C1_Lo_ITH_Lo_WGII,,0.34,0.71,0
Gain_7q22.3,7q22.3,driverSCNA,Gain,,,K250,THROMBUS_RV,subclonal,,private.to.primary,not_selected,M,51.0,Clear Cell,N,III,2.0,100,non_driver_subtype,C1_Lo_ITH_Lo_WGII,,0.34,0.71,0
Loss_1p36.11,1p36.11,driverSCNA,Loss,,,K276,THROMBUS_RV,subclonal,,private.to.primary,not_selected,M,71.0,Clear Cell,N,IV,3.0,115,non_driver_subtype,C4_Hi_ITH_Hi_WGII,Attenuated,0.6,1.5,0
Gain_7q22.3,7q22.3,driverSCNA,Gain,,,K276,THROMBUS_RV,subclonal,,private.to.primary,not_selected,M,71.0,Clear Cell,N,IV,3.0,115,non_driver_subtype,C4_Hi_ITH_Hi_WGII,Attenuated,0.6,1.5,0
Gain_8q24.21,8q24.21,driverSCNA,Gain,,,K276,THROMBUS_RV,subclonal,clonal,shared,selected,M,71.0,Clear Cell,N,IV,3.0,115,non_driver_subtype,C4_Hi_ITH_Hi_WGII,Attenuated,0.6,1.5,1
Gain_2q14.3,2q14.3,driverSCNA,Gain,,,K276,THROMBUS_RV,subclonal,,private.to.primary,not_selected,M,71.0,Clear Cell,N,IV,3.0,115,non_driver_subtype,C4_Hi_ITH_Hi_WGII,Attenuated,0.6,1.5,0
Gain_12p11.21,12p11.21,driverSCNA,Gain,,,K276,THROMBUS_RV,subclonal,,private.to.primary,not_selected,M,71.0,Clear Cell,N,IV,3.0,115,non_driver_subtype,C4_Hi_ITH_Hi_WGII,Attenuated,0.6,1.5,0
Gain_20q13.33,20q13.33,driverSCNA,Gain,,,K276,THROMBUS_RV,subclonal,,private.to.primary,not_selected,M,71.0,Clear Cell,N,IV,3.0,115,non_driver_subtype,C4_Hi_ITH_Hi_WGII,Attenuated,0.6,1.5,0
Loss_8p23.2,8p23.2,driverSCNA,Loss,,,K276,THROMBUS_RV,subclonal,,private.to.primary,not_selected,M,71.0,Clear Cell,N,IV,3.0,115,non_driver_subtype,C4_Hi_ITH_Hi_WGII,Attenuated,0.6,1.5,0
Loss_6q22.33,6q22.33,driverSCNA,Loss,,,K390,THROMBUS_RV,subclonal,,private.to.primary,not_selected,F,50.0,Clear Cell,N,IV,3.0,135,VHL_wt,C2_Hi_ITH_Lo_WGII,Rapid,0.2,1.33,0
Loss_6q22.33,6q22.33,driverSCNA,Loss,,,K390,LN_PC,subclonal,clonal,shared,selected,F,50.0,Clear Cell,N,IV,3.0,135,VHL_wt,C2_Hi_ITH_Lo_WGII,Rapid,0.2,1.33,1
Loss_9p21.3,9p21.3,driverSCNA,Loss,,,K390,THROMBUS_RV,subclonal,,private.to.primary,not_selected,F,50.0,Clear Cell,N,IV,3.0,135,VHL_wt,C2_Hi_ITH_Lo_WGII,Rapid,0.2,1.33,0
Loss_9p21.3,9p21.3,driverSCNA,Loss,,,K390,LN_PC,subclonal,clonal,shared,selected,F,50.0,Clear Cell,N,IV,3.0,135,VHL_wt,C2_Hi_ITH_Lo_WGII,Rapid,0.2,1.33,1
Gain_12p11.21,12p11.21,driverSCNA,Gain,,,K446,LN_PC,subclonal,clonal,shared,selected,M,58.0,Clear Cell,Y,IV,4.0,150,VHL_wt,C4_Hi_ITH_Hi_WGII,Rapid,0.97,1.14,1
Loss_14q31.1,14q31.1,driverSCNA,Loss,,,K446,LN_PC,subclonal,clonal,shared,selected,M,58.0,Clear Cell,Y,IV,4.0,150,VHL_wt,C4_Hi_ITH_Hi_WGII,Rapid,0.97,1.14,1
Loss_6q22.33,6q22.33,driverSCNA,Loss,,,K446,LN_PC,subclonal,clonal,shared,selected,M,58.0,Clear Cell,Y,IV,4.0,150,VHL_wt,C4_Hi_ITH_Hi_WGII,Rapid,0.97,1.14,1
Gain_7q22.3,7q22.3,driverSCNA,Gain,,,K446,LN_PC,subclonal,clonal,shared,selected,M,58.0,Clear Cell,Y,IV,4.0,150,VHL_wt,C4_Hi_ITH_Hi_WGII,Rapid,0.97,1.14,1
Gain_2q14.3,2q14.3,driverSCNA,Gain,,,K520,ADRENAL_IL_1,subclonal,,private.to.primary,not_selected,F,72.0,Clear Cell,N,IV,3.0,120,PBRM1-->PI3K,C4_Hi_ITH_Hi_WGII,Attenuated,0.39,2.25,0
Loss_14q31.1,14q31.1,driverSCNA,Loss,,,K520,ADRENAL_IL,subclonal,clonal,shared,selected,F,72.0,Clear Cell,N,IV,3.0,120,PBRM1-->PI3K,C4_Hi_ITH_Hi_WGII,Attenuated,0.39,2.25,1
Loss_14q31.1,14q31.1,driverSCNA,Loss,,,K520,ADRENAL_IL_1,subclonal,,private.to.primary,not_selected,F,72.0,Clear Cell,N,IV,3.0,120,PBRM1-->PI3K,C4_Hi_ITH_Hi_WGII,Attenuated,0.39,2.25,0
Loss_9p21.3,9p21.3,driverSCNA,Loss,,,K520,ADRENAL_IL,subclonal,clonal,shared,selected,F,72.0,Clear Cell,N,IV,3.0,120,PBRM1-->PI3K,C4_Hi_ITH_Hi_WGII,Attenuated,0.39,2.25,1
Loss_9p21.3,9p21.3,driverSCNA,Loss,,,K520,ADRENAL_IL_1,subclonal,,private.to.primary,not_selected,F,72.0,Clear Cell,N,IV,3.0,120,PBRM1-->PI3K,C4_Hi_ITH_Hi_WGII,Attenuated,0.39,2.25,0
Loss_1p36.11,1p36.11,driverSCNA,Loss,,,K520,ADRENAL_IL_1,subclonal,,private.to.primary,not_selected,F,72.0,Clear Cell,N,IV,3.0,120,PBRM1-->PI3K,C4_Hi_ITH_Hi_WGII,Attenuated,0.39,2.25,0
Gain_7q22.3,7q22.3,driverSCNA,Gain,,,K520,ADRENAL_IL,subclonal,,private.to.primary,not_selected,F,72.0,Clear Cell,N,IV,3.0,120,PBRM1-->PI3K,C4_Hi_ITH_Hi_WGII,Attenuated,0.39,2.25,0
Gain_7q22.3,7q22.3,driverSCNA,Gain,,,K520,ADRENAL_IL_1,subclonal,,private.to.primary,not_selected,F,72.0,Clear Cell,N,IV,3.0,120,PBRM1-->PI3K,C4_Hi_ITH_Hi_WGII,Attenuated,0.39,2.25,0
Loss_14q31.1,14q31.1,driverSCNA,Loss,,,K029,BONE_SPINE,subclonal,clonal,shared,selected,M,54.0,Clear Cell,N,IV,3.0,75,PBRM1-->PI3K,C2_Hi_ITH_Lo_WGII,Attenuated,0.32,3.67,1
Loss_14q31.1,14q31.1,driverSCNA,Loss,,,K029,BONE_RIB,subclonal,clonal,shared,selected,M,54.0,Clear Cell,N,IV,3.0,75,PBRM1-->PI3K,C2_Hi_ITH_Lo_WGII,Attenuated,0.32,3.67,1
Loss_14q31.1,14q31.1,driverSCNA,Loss,,,K029,BONE_SPINE_1,subclonal,,private.to.primary,not_selected,M,54.0,Clear Cell,N,IV,3.0,75,PBRM1-->PI3K,C2_Hi_ITH_Lo_WGII,Attenuated,0.32,3.67,0
Gain_7q22.3,7q22.3,driverSCNA,Gain,,,K029,BONE_SPINE,subclonal,clonal,shared,selected,M,54.0,Clear Cell,N,IV,3.0,75,PBRM1-->PI3K,C2_Hi_ITH_Lo_WGII,Attenuated,0.32,3.67,1
Gain_7q22.3,7q22.3,driverSCNA,Gain,,,K029,BONE_RIB,subclonal,clonal,shared,selected,M,54.0,Clear Cell,N,IV,3.0,75,PBRM1-->PI3K,C2_Hi_ITH_Lo_WGII,Attenuated,0.32,3.67,1
Gain_7q22.3,7q22.3,driverSCNA,Gain,,,K029,BONE_SPINE_1,subclonal,clonal,shared,selected,M,54.0,Clear Cell,N,IV,3.0,75,PBRM1-->PI3K,C2_Hi_ITH_Lo_WGII,Attenuated,0.32,3.67,1
Loss_1p36.11,1p36.11,driverSCNA,Loss,,,K029,BONE_SPINE,subclonal,clonal,shared,selected,M,54.0,Clear Cell,N,IV,3.0,75,PBRM1-->PI3K,C2_Hi_ITH_Lo_WGII,Attenuated,0.32,3.67,1
Loss_1p36.11,1p36.11,driverSCNA,Loss,,,K029,BONE_RIB,subclonal,clonal,shared,selected,M,54.0,Clear Cell,N,IV,3.0,75,PBRM1-->PI3K,C2_Hi_ITH_Lo_WGII,Attenuated,0.32,3.67,1
Loss_1p36.11,1p36.11,driverSCNA,Loss,,,K029,BONE_SPINE_1,subclonal,,private.to.primary,not_selected,M,54.0,Clear Cell,N,IV,3.0,75,PBRM1-->PI3K,C2_Hi_ITH_Lo_WGII,Attenuated,0.32,3.67,0
Loss_9p21.3,9p21.3,driverSCNA,Loss,,,K029,BONE_SPINE,subclonal,clonal,shared,selected,M,54.0,Clear Cell,N,IV,3.0,75,PBRM1-->PI3K,C2_Hi_ITH_Lo_WGII,Attenuated,0.32,3.67,1
Loss_9p21.3,9p21.3,driverSCNA,Loss,,,K029,BONE_RIB,subclonal,,private.to.primary,not_selected,M,54.0,Clear Cell,N,IV,3.0,75,PBRM1-->PI3K,C2_Hi_ITH_Lo_WGII,Attenuated,0.32,3.67,0
Loss_9p21.3,9p21.3,driverSCNA,Loss,,,K029,BONE_SPINE_1,subclonal,,private.to.primary,not_selected,M,54.0,Clear Cell,N,IV,3.0,75,PBRM1-->PI3K,C2_Hi_ITH_Lo_WGII,Attenuated,0.32,3.67,0
Gain_1q25.1,1q25.1,driverSCNA,Gain,,,K029,BONE_SPINE,subclonal,,private.to.primary,not_selected,M,54.0,Clear Cell,N,IV,3.0,75,PBRM1-->PI3K,C2_Hi_ITH_Lo_WGII,Attenuated,0.32,3.67,0
Gain_1q25.1,1q25.1,driverSCNA,Gain,,,K029,BONE_RIB,subclonal,clonal,shared,selected,M,54.0,Clear Cell,N,IV,3.0,75,PBRM1-->PI3K,C2_Hi_ITH_Lo_WGII,Attenuated,0.32,3.67,1
Gain_1q25.1,1q25.1,driverSCNA,Gain,,,K029,BONE_SPINE_1,subclonal,,private.to.primary,not_selected,M,54.0,Clear Cell,N,IV,3.0,75,PBRM1-->PI3K,C2_Hi_ITH_Lo_WGII,Attenuated,0.32,3.67,0
Loss_6q22.33,6q22.33,driverSCNA,Loss,,,K029,BONE_SPINE,subclonal,clonal,shared,selected,M,54.0,Clear Cell,N,IV,3.0,75,PBRM1-->PI3K,C2_Hi_ITH_Lo_WGII,Attenuated,0.32,3.67,1
Loss_6q22.33,6q22.33,driverSCNA,Loss,,,K029,BONE_RIB,subclonal,,private.to.primary,not_selected,M,54.0,Clear Cell,N,IV,3.0,75,PBRM1-->PI3K,C2_Hi_ITH_Lo_WGII,Attenuated,0.32,3.67,0
Loss_6q22.33,6q22.33,driverSCNA,Loss,,,K029,BONE_SPINE_1,subclonal,clonal,shared,selected,M,54.0,Clear Cell,N,IV,3.0,75,PBRM1-->PI3K,C2_Hi_ITH_Lo_WGII,Attenuated,0.32,3.67,1
Gain_20q13.33,20q13.33,driverSCNA,Gain,,,K029,BONE_SPINE,subclonal,clonal,shared,selected,M,54.0,Clear Cell,N,IV,3.0,75,PBRM1-->PI3K,C2_Hi_ITH_Lo_WGII,Attenuated,0.32,3.67,1
Gain_20q13.33,20q13.33,driverSCNA,Gain,,,K029,BONE_RIB,subclonal,,private.to.primary,not_selected,M,54.0,Clear Cell,N,IV,3.0,75,PBRM1-->PI3K,C2_Hi_ITH_Lo_WGII,Attenuated,0.32,3.67,0
Gain_20q13.33,20q13.33,driverSCNA,Gain,,,K029,BONE_SPINE_1,subclonal,,private.to.primary,not_selected,M,54.0,Clear Cell,N,IV,3.0,75,PBRM1-->PI3K,C2_Hi_ITH_Lo_WGII,Attenuated,0.32,3.67,0
Loss_4q34.3,4q34.3,driverSCNA,Loss,,,K029,BONE_SPINE,subclonal,,private.to.primary,not_selected,M,54.0,Clear Cell,N,IV,3.0,75,PBRM1-->PI3K,C2_Hi_ITH_Lo_WGII,Attenuated,0.32,3.67,0
Loss_4q34.3,4q34.3,driverSCNA,Loss,,,K029,BONE_RIB,subclonal,,private.to.primary,not_selected,M,54.0,Clear Cell,N,IV,3.0,75,PBRM1-->PI3K,C2_Hi_ITH_Lo_WGII,Attenuated,0.32,3.67,0
Loss_4q34.3,4q34.3,driverSCNA,Loss,,,K029,BONE_SPINE_1,subclonal,,private.to.primary,not_selected,M,54.0,Clear Cell,N,IV,3.0,75,PBRM1-->PI3K,C2_Hi_ITH_Lo_WGII,Attenuated,0.32,3.67,0
Loss_14q31.1,14q31.1,driverSCNA,Loss,,,K066,PERI-RENAL,subclonal,,private.to.primary,not_selected,M,66.0,Clear Cell,N,IV,4.0,85,non_driver_subtype,C3_Lo_ITH_Hi_WGII,Rapid,0.83,1.0,0
Loss_14q31.1,14q31.1,driverSCNA,Loss,,,K066,PERI-NEPHRIC_FAT,subclonal,clonal,shared,selected,M,66.0,Clear Cell,N,IV,4.0,85,non_driver_subtype,C3_Lo_ITH_Hi_WGII,Rapid,0.83,1.0,1
Gain_1q25.1,1q25.1,driverSCNA,Gain,,,K066,PERI-NEPHRIC_FAT,subclonal,,private.to.primary,not_selected,M,66.0,Clear Cell,N,IV,4.0,85,non_driver_subtype,C3_Lo_ITH_Hi_WGII,Rapid,0.83,1.0,0
Gain_7q22.3,7q22.3,driverSCNA,Gain,,,K066,PERI-RENAL,subclonal,,private.to.primary,not_selected,M,66.0,Clear Cell,N,IV,4.0,85,non_driver_subtype,C3_Lo_ITH_Hi_WGII,Rapid,0.83,1.0,0
Gain_7q22.3,7q22.3,driverSCNA,Gain,,,K066,PERI-NEPHRIC_FAT,subclonal,,private.to.primary,not_selected,M,66.0,Clear Cell,N,IV,4.0,85,non_driver_subtype,C3_Lo_ITH_Hi_WGII,Rapid,0.83,1.0,0
Gain_20q13.33,20q13.33,driverSCNA,Gain,,,K066,PERI-RENAL,subclonal,,private.to.primary,not_selected,M,66.0,Clear Cell,N,IV,4.0,85,non_driver_subtype,C3_Lo_ITH_Hi_WGII,Rapid,0.83,1.0,0
Gain_20q13.33,20q13.33,driverSCNA,Gain,,,K066,PERI-NEPHRIC_FAT,subclonal,,private.to.primary,not_selected,M,66.0,Clear Cell,N,IV,4.0,85,non_driver_subtype,C3_Lo_ITH_Hi_WGII,Rapid,0.83,1.0,0
Loss_1p36.11,1p36.11,driverSCNA,Loss,,,K071,ADRENAL_IL,subclonal,clonal,shared,selected,M,62.0,Clear Cell,N,IV,3.0,90,PBRM1-->SETD2,C2_Hi_ITH_Lo_WGII,Attenuated,0.15,2.0,1
Loss_6q22.33,6q22.33,driverSCNA,Loss,,,K071,ADRENAL_IL,subclonal,clonal,shared,selected,M,62.0,Clear Cell,N,IV,3.0,90,PBRM1-->SETD2,C2_Hi_ITH_Lo_WGII,Attenuated,0.15,2.0,1
Loss_8p23.2,8p23.2,driverSCNA,Loss,,,K071,ADRENAL_IL,subclonal,,private.to.primary,not_selected,M,62.0,Clear Cell,N,IV,3.0,90,PBRM1-->SETD2,C2_Hi_ITH_Lo_WGII,Attenuated,0.15,2.0,0
Gain_8q24.21,8q24.21,driverSCNA,Gain,,,K099,THROMBUS_RV,subclonal,,private.to.primary,not_selected,M,73.0,Clear Cell,N,III,3.0,75,non_driver_subtype,C3_Lo_ITH_Hi_WGII,,0.64,0.36,0
Gain_8q24.21,8q24.21,driverSCNA,Gain,,,K099,THROMBUS_IVC,subclonal,,private.to.primary,not_selected,M,73.0,Clear Cell,N,III,3.0,75,non_driver_subtype,C3_Lo_ITH_Hi_WGII,,0.64,0.36,0
Loss_1p36.11,1p36.11,driverSCNA,Loss,,,K099,THROMBUS_RV,subclonal,,private.to.primary,not_selected,M,73.0,Clear Cell,N,III,3.0,75,non_driver_subtype,C3_Lo_ITH_Hi_WGII,,0.64,0.36,0
Loss_1p36.11,1p36.11,driverSCNA,Loss,,,K099,THROMBUS_IVC,subclonal,,private.to.primary,not_selected,M,73.0,Clear Cell,N,III,3.0,75,non_driver_subtype,C3_Lo_ITH_Hi_WGII,,0.64,0.36,0
Loss_4q34.3,4q34.3,driverSCNA,Loss,,,K099,THROMBUS_RV,subclonal,,private.to.primary,not_selected,M,73.0,Clear Cell,N,III,3.0,75,non_driver_subtype,C3_Lo_ITH_Hi_WGII,,0.64,0.36,0
Loss_4q34.3,4q34.3,driverSCNA,Loss,,,K099,THROMBUS_IVC,subclonal,,private.to.primary,not_selected,M,73.0,Clear Cell,N,III,3.0,75,non_driver_subtype,C3_Lo_ITH_Hi_WGII,,0.64,0.36,0
Loss_8p23.2,8p23.2,driverSCNA,Loss,,,K099,THROMBUS_RV,subclonal,,private.to.primary,not_selected,M,73.0,Clear Cell,N,III,3.0,75,non_driver_subtype,C3_Lo_ITH_Hi_WGII,,0.64,0.36,0
Loss_8p23.2,8p23.2,driverSCNA,Loss,,,K099,THROMBUS_IVC,subclonal,,private.to.primary,not_selected,M,73.0,Clear Cell,N,III,3.0,75,non_driver_subtype,C3_Lo_ITH_Hi_WGII,,0.64,0.36,0
Loss_1p36.11,1p36.11,driverSCNA,Loss,,,K167,THROMBUS_RV,subclonal,,private.to.primary,not_selected,F,49.0,Clear Cell,N,III,3.0,95,non_driver_subtype,C4_Hi_ITH_Hi_WGII,,0.41,3.0,0
Loss_8p23.2,8p23.2,driverSCNA,Loss,,,K167,THROMBUS_RV,subclonal,,private.to.primary,not_selected,F,49.0,Clear Cell,N,III,3.0,95,non_driver_subtype,C4_Hi_ITH_Hi_WGII,,0.41,3.0,0
Loss_9p21.3,9p21.3,driverSCNA,Loss,,,K167,THROMBUS_RV,subclonal,,private.to.primary,not_selected,F,49.0,Clear Cell,N,III,3.0,95,non_driver_subtype,C4_Hi_ITH_Hi_WGII,,0.41,3.0,0
Loss_14q31.1,14q31.1,driverSCNA,Loss,,,K167,THROMBUS_RV,subclonal,,private.to.primary,not_selected,F,49.0,Clear Cell,N,III,3.0,95,non_driver_subtype,C4_Hi_ITH_Hi_WGII,,0.41,3.0,0
Loss_1p36.11,1p36.11,driverSCNA,Loss,,,K207,THROMBUS_RV,subclonal,,private.to.primary,not_selected,F,60.0,Clear Cell,N,III,3.0,77,non_driver_subtype,C4_Hi_ITH_Hi_WGII,,0.49,1.5,0
Gain_8q24.21,8q24.21,driverSCNA,Gain,,,K207,THROMBUS_RV,subclonal,,private.to.primary,not_selected,F,60.0,Clear Cell,N,III,3.0,77,non_driver_subtype,C4_Hi_ITH_Hi_WGII,,0.49,1.5,0
Gain_20q13.33,20q13.33,driverSCNA,Gain,,,K207,THROMBUS_RV,subclonal,,private.to.primary,not_selected,F,60.0,Clear Cell,N,III,3.0,77,non_driver_subtype,C4_Hi_ITH_Hi_WGII,,0.49,1.5,0
Loss_8p23.2,8p23.2,driverSCNA,Loss,,,K207,THROMBUS_RV,subclonal,,private.to.primary,not_selected,F,60.0,Clear Cell,N,III,3.0,77,non_driver_subtype,C4_Hi_ITH_Hi_WGII,,0.49,1.5,0
Loss_9p21.3,9p21.3,driverSCNA,Loss,,,K207,THROMBUS_RV,subclonal,,private.to.primary,not_selected,F,60.0,Clear Cell,N,III,3.0,77,non_driver_subtype,C4_Hi_ITH_Hi_WGII,,0.49,1.5,0
Gain_7q22.3,7q22.3,driverSCNA,Gain,,,K245,THROMBUS_IVC,subclonal,,private.to.primary,not_selected,M,67.0,Clear Cell,N,III,3.0,105,Multiple_Clonal_Drivers,C1_Lo_ITH_Lo_WGII,,0.23,0.8,0
Loss_1p36.11,1p36.11,driverSCNA,Loss,,,K263,THROMBUS_IVC,subclonal,clonal,shared,selected,M,82.0,Clear Cell,N,IV,3.0,68,Multiple_Clonal_Drivers,C3_Lo_ITH_Hi_WGII,Rapid,0.64,0.56,1
Loss_1p36.11,1p36.11,driverSCNA,Loss,,,K263,ADRENAL_IL,subclonal,clonal,shared,selected,M,82.0,Clear Cell,N,IV,3.0,68,Multiple_Clonal_Drivers,C3_Lo_ITH_Hi_WGII,Rapid,0.64,0.56,1
Loss_1p36.11,1p36.11,driverSCNA,Loss,,,K263,LN_PA,subclonal,clonal,shared,selected,M,82.0,Clear Cell,N,IV,3.0,68,Multiple_Clonal_Drivers,C3_Lo_ITH_Hi_WGII,Rapid,0.64,0.56,1
Gain_20q13.33,20q13.33,driverSCNA,Gain,,,K263,THROMBUS_IVC,subclonal,clonal,shared,selected,M,82.0,Clear Cell,N,IV,3.0,68,Multiple_Clonal_Drivers,C3_Lo_ITH_Hi_WGII,Rapid,0.64,0.56,1
Gain_20q13.33,20q13.33,driverSCNA,Gain,,,K263,ADRENAL_IL,subclonal,clonal,shared,selected,M,82.0,Clear Cell,N,IV,3.0,68,Multiple_Clonal_Drivers,C3_Lo_ITH_Hi_WGII,Rapid,0.64,0.56,1
Gain_20q13.33,20q13.33,driverSCNA,Gain,,,K263,LN_PA,subclonal,clonal,shared,selected,M,82.0,Clear Cell,N,IV,3.0,68,Multiple_Clonal_Drivers,C3_Lo_ITH_Hi_WGII,Rapid,0.64,0.56,1
Loss_4q34.3,4q34.3,driverSCNA,Loss,,,K263,THROMBUS_IVC,subclonal,clonal,shared,selected,M,82.0,Clear Cell,N,IV,3.0,68,Multiple_Clonal_Drivers,C3_Lo_ITH_Hi_WGII,Rapid,0.64,0.56,1
Loss_4q34.3,4q34.3,driverSCNA,Loss,,,K263,ADRENAL_IL,subclonal,clonal,shared,selected,M,82.0,Clear Cell,N,IV,3.0,68,Multiple_Clonal_Drivers,C3_Lo_ITH_Hi_WGII,Rapid,0.64,0.56,1
Loss_4q34.3,4q34.3,driverSCNA,Loss,,,K263,LN_PA,subclonal,clonal,shared,selected,M,82.0,Clear Cell,N,IV,3.0,68,Multiple_Clonal_Drivers,C3_Lo_ITH_Hi_WGII,Rapid,0.64,0.56,1
Loss_9p21.3,9p21.3,driverSCNA,Loss,,,K263,THROMBUS_IVC,subclonal,clonal,shared,selected,M,82.0,Clear Cell,N,IV,3.0,68,Multiple_Clonal_Drivers,C3_Lo_ITH_Hi_WGII,Rapid,0.64,0.56,1
Loss_9p21.3,9p21.3,driverSCNA,Loss,,,K263,ADRENAL_IL,subclonal,clonal,shared,selected,M,82.0,Clear Cell,N,IV,3.0,68,Multiple_Clonal_Drivers,C3_Lo_ITH_Hi_WGII,Rapid,0.64,0.56,1
Loss_9p21.3,9p21.3,driverSCNA,Loss,,,K263,LN_PA,subclonal,clonal,shared,selected,M,82.0,Clear Cell,N,IV,3.0,68,Multiple_Clonal_Drivers,C3_Lo_ITH_Hi_WGII,Rapid,0.64,0.56,1
Gain_2q14.3,2q14.3,driverSCNA,Gain,,,K263,THROMBUS_IVC,subclonal,,private.to.primary,not_selected,M,82.0,Clear Cell,N,IV,3.0,68,Multiple_Clonal_Drivers,C3_Lo_ITH_Hi_WGII,Rapid,0.64,0.56,0
Gain_2q14.3,2q14.3,driverSCNA,Gain,,,K263,ADRENAL_IL,subclonal,,private.to.primary,not_selected,M,82.0,Clear Cell,N,IV,3.0,68,Multiple_Clonal_Drivers,C3_Lo_ITH_Hi_WGII,Rapid,0.64,0.56,0
Gain_2q14.3,2q14.3,driverSCNA,Gain,,,K263,LN_PA,subclonal,clonal,shared,selected,M,82.0,Clear Cell,N,IV,3.0,68,Multiple_Clonal_Drivers,C3_Lo_ITH_Hi_WGII,Rapid,0.64,0.56,1
Gain_8q24.21,8q24.21,driverSCNA,Gain,,,K280,BONE_SHOULDER,subclonal,clonal,shared,selected,M,69.0,Clear Cell,N,IV,3.0,60,non_driver_subtype,C4_Hi_ITH_Hi_WGII,Attenuated,0.36,1.4,1
Loss_6q22.33,6q22.33,driverSCNA,Loss,,,K280,BONE_SHOULDER,subclonal,clonal,shared,selected,M,69.0,Clear Cell,N,IV,3.0,60,non_driver_subtype,C4_Hi_ITH_Hi_WGII,Attenuated,0.36,1.4,1
Loss_9p21.3,9p21.3,driverSCNA,Loss,,,K280,BONE_SHOULDER,subclonal,clonal,shared,selected,M,69.0,Clear Cell,N,IV,3.0,60,non_driver_subtype,C4_Hi_ITH_Hi_WGII,Attenuated,0.36,1.4,1
Loss_14q31.1,14q31.1,driverSCNA,Loss,,,K280,BONE_SHOULDER,subclonal,clonal,shared,selected,M,69.0,Clear Cell,N,IV,3.0,60,non_driver_subtype,C4_Hi_ITH_Hi_WGII,Attenuated,0.36,1.4,1
Gain_12p11.21,12p11.21,driverSCNA,Gain,,,K280,BONE_SHOULDER,subclonal,,private.to.primary,not_selected,M,69.0,Clear Cell,N,IV,3.0,60,non_driver_subtype,C4_Hi_ITH_Hi_WGII,Attenuated,0.36,1.4,0
Loss_8p23.2,8p23.2,driverSCNA,Loss,,,K280,BONE_SHOULDER,subclonal,,private.to.primary,not_selected,M,69.0,Clear Cell,N,IV,3.0,60,non_driver_subtype,C4_Hi_ITH_Hi_WGII,Attenuated,0.36,1.4,0
Gain_20q13.33,20q13.33,driverSCNA,Gain,,,K326,THROMBUS_RV,subclonal,clonal,shared,selected,M,63.0,Clear Cell,N,IV,4.0,145,Multiple_Clonal_Drivers,C3_Lo_ITH_Hi_WGII,Rapid,0.5,1.0,1
Gain_20q13.33,20q13.33,driverSCNA,Gain,,,K326,LIVER,subclonal,clonal,shared,selected,M,63.0,Clear Cell,N,IV,4.0,145,Multiple_Clonal_Drivers,C3_Lo_ITH_Hi_WGII,Rapid,0.5,1.0,1
Gain_5q35.3,5q35.3,driverSCNA,Gain,,,K326,THROMBUS_RV,subclonal,clonal,shared,selected,M,63.0,Clear Cell,N,IV,4.0,145,Multiple_Clonal_Drivers,C3_Lo_ITH_Hi_WGII,Rapid,0.5,1.0,1
Gain_5q35.3,5q35.3,driverSCNA,Gain,,,K326,LIVER,subclonal,clonal,shared,selected,M,63.0,Clear Cell,N,IV,4.0,145,Multiple_Clonal_Drivers,C3_Lo_ITH_Hi_WGII,Rapid,0.5,1.0,1
Gain_12p11.21,12p11.21,driverSCNA,Gain,,,K326,THROMBUS_RV,subclonal,clonal,shared,selected,M,63.0,Clear Cell,N,IV,4.0,145,Multiple_Clonal_Drivers,C3_Lo_ITH_Hi_WGII,Rapid,0.5,1.0,1
Gain_12p11.21,12p11.21,driverSCNA,Gain,,,K326,LIVER,subclonal,clonal,shared,selected,M,63.0,Clear Cell,N,IV,4.0,145,Multiple_Clonal_Drivers,C3_Lo_ITH_Hi_WGII,Rapid,0.5,1.0,1
Loss_1p36.11,1p36.11,driverSCNA,Loss,,,K328,THROMBUS_RV,subclonal,clonal,shared,selected,M,76.0,Clear Cell,N,IV,4.0,150,Multiple_Clonal_Drivers,C3_Lo_ITH_Hi_WGII,,0.71,0.67,1
Loss_4q34.3,4q34.3,driverSCNA,Loss,,,K328,THROMBUS_RV,subclonal,clonal,shared,selected,M,76.0,Clear Cell,N,IV,4.0,150,Multiple_Clonal_Drivers,C3_Lo_ITH_Hi_WGII,,0.71,0.67,1
Gain_8q24.21,8q24.21,driverSCNA,Gain,,,K328,THROMBUS_RV,subclonal,,private.to.primary,not_selected,M,76.0,Clear Cell,N,IV,4.0,150,Multiple_Clonal_Drivers,C3_Lo_ITH_Hi_WGII,,0.71,0.67,0
Gain_5q35.3,5q35.3,driverSCNA,Gain,,,K328,THROMBUS_RV,subclonal,clonal,shared,selected,M,76.0,Clear Cell,N,IV,4.0,150,Multiple_Clonal_Drivers,C3_Lo_ITH_Hi_WGII,,0.71,0.67,1
Loss_9p21.3,9p21.3,driverSCNA,Loss,,,K386,LN_RP,subclonal,clonal,shared,selected,M,52.0,Clear Cell,N,IV,3.0,170,non_driver_subtype,C2_Hi_ITH_Lo_WGII,Attenuated,0.32,1.5,1
Loss_14q31.1,14q31.1,driverSCNA,Loss,,,K386,LN_RP,subclonal,clonal,shared,selected,M,52.0,Clear Cell,N,IV,3.0,170,non_driver_subtype,C2_Hi_ITH_Lo_WGII,Attenuated,0.32,1.5,1
Gain_8q24.21,8q24.21,driverSCNA,Gain,,,K386,LN_RP,subclonal,,private.to.primary,not_selected,M,52.0,Clear Cell,N,IV,3.0,170,non_driver_subtype,C2_Hi_ITH_Lo_WGII,Attenuated,0.32,1.5,0
Loss_1p36.11,1p36.11,driverSCNA,Loss,,,K386,LN_RP,subclonal,,private.to.primary,not_selected,M,52.0,Clear Cell,N,IV,3.0,170,non_driver_subtype,C2_Hi_ITH_Lo_WGII,Attenuated,0.32,1.5,0
Gain_2q14.3,2q14.3,driverSCNA,Gain,,,K427,ADRENAL_CL,subclonal,clonal,shared,selected,M,72.0,Clear Cell,Y,IV,4.0,130,VHL_wt,C4_Hi_ITH_Hi_WGII,Attenuated,0.79,3.33,1
Gain_2q14.3,2q14.3,driverSCNA,Gain,,,K427,THROMBUS_IVC,subclonal,clonal,shared,selected,M,72.0,Clear Cell,Y,IV,4.0,130,VHL_wt,C4_Hi_ITH_Hi_WGII,Attenuated,0.79,3.33,1
Gain_2q14.3,2q14.3,driverSCNA,Gain,,,K427,ADRENAL_IL,subclonal,clonal,shared,selected,M,72.0,Clear Cell,Y,IV,4.0,130,VHL_wt,C4_Hi_ITH_Hi_WGII,Attenuated,0.79,3.33,1
Gain_7q22.3,7q22.3,driverSCNA,Gain,,,K427,ADRENAL_CL,subclonal,clonal,shared,selected,M,72.0,Clear Cell,Y,IV,4.0,130,VHL_wt,C4_Hi_ITH_Hi_WGII,Attenuated,0.79,3.33,1
Gain_7q22.3,7q22.3,driverSCNA,Gain,,,K427,THROMBUS_IVC,subclonal,clonal,shared,selected,M,72.0,Clear Cell,Y,IV,4.0,130,VHL_wt,C4_Hi_ITH_Hi_WGII,Attenuated,0.79,3.33,1
Gain_7q22.3,7q22.3,driverSCNA,Gain,,,K427,ADRENAL_IL,subclonal,clonal,shared,selected,M,72.0,Clear Cell,Y,IV,4.0,130,VHL_wt,C4_Hi_ITH_Hi_WGII,Attenuated,0.79,3.33,1
Gain_20q13.33,20q13.33,driverSCNA,Gain,,,K427,ADRENAL_CL,subclonal,clonal,shared,selected,M,72.0,Clear Cell,Y,IV,4.0,130,VHL_wt,C4_Hi_ITH_Hi_WGII,Attenuated,0.79,3.33,1
Gain_20q13.33,20q13.33,driverSCNA,Gain,,,K427,THROMBUS_IVC,subclonal,clonal,shared,selected,M,72.0,Clear Cell,Y,IV,4.0,130,VHL_wt,C4_Hi_ITH_Hi_WGII,Attenuated,0.79,3.33,1
Gain_20q13.33,20q13.33,driverSCNA,Gain,,,K427,ADRENAL_IL,subclonal,clonal,shared,selected,M,72.0,Clear Cell,Y,IV,4.0,130,VHL_wt,C4_Hi_ITH_Hi_WGII,Attenuated,0.79,3.33,1
Loss_9p21.3,9p21.3,driverSCNA,Loss,,,K427,ADRENAL_CL,subclonal,clonal,shared,selected,M,72.0,Clear Cell,Y,IV,4.0,130,VHL_wt,C4_Hi_ITH_Hi_WGII,Attenuated,0.79,3.33,1
Loss_9p21.3,9p21.3,driverSCNA,Loss,,,K427,THROMBUS_IVC,subclonal,clonal,shared,selected,M,72.0,Clear Cell,Y,IV,4.0,130,VHL_wt,C4_Hi_ITH_Hi_WGII,Attenuated,0.79,3.33,1
Loss_9p21.3,9p21.3,driverSCNA,Loss,,,K427,ADRENAL_IL,subclonal,clonal,shared,selected,M,72.0,Clear Cell,Y,IV,4.0,130,VHL_wt,C4_Hi_ITH_Hi_WGII,Attenuated,0.79,3.33,1
Gain_1q25.1,1q25.1,driverSCNA,Gain,,,K427,ADRENAL_CL,subclonal,clonal,shared,selected,M,72.0,Clear Cell,Y,IV,4.0,130,VHL_wt,C4_Hi_ITH_Hi_WGII,Attenuated,0.79,3.33,1
Gain_5q35.3,5q35.3,driverSCNA,Gain,,,K427,ADRENAL_CL,subclonal,clonal,shared,selected,M,72.0,Clear Cell,Y,IV,4.0,130,VHL_wt,C4_Hi_ITH_Hi_WGII,Attenuated,0.79,3.33,1
Gain_5q35.3,5q35.3,driverSCNA,Gain,,,K427,THROMBUS_IVC,subclonal,clonal,shared,selected,M,72.0,Clear Cell,Y,IV,4.0,130,VHL_wt,C4_Hi_ITH_Hi_WGII,Attenuated,0.79,3.33,1
Gain_5q35.3,5q35.3,driverSCNA,Gain,,,K427,ADRENAL_IL,subclonal,clonal,shared,selected,M,72.0,Clear Cell,Y,IV,4.0,130,VHL_wt,C4_Hi_ITH_Hi_WGII,Attenuated,0.79,3.33,1
Gain_12p11.21,12p11.21,driverSCNA,Gain,,,K427,ADRENAL_CL,subclonal,clonal,shared,selected,M,72.0,Clear Cell,Y,IV,4.0,130,VHL_wt,C4_Hi_ITH_Hi_WGII,Attenuated,0.79,3.33,1
Gain_8q24.21,8q24.21,driverSCNA,Gain,,,K427,ADRENAL_CL,subclonal,clonal,shared,selected,M,72.0,Clear Cell,Y,IV,4.0,130,VHL_wt,C4_Hi_ITH_Hi_WGII,Attenuated,0.79,3.33,1
Gain_8q24.21,8q24.21,driverSCNA,Gain,,,K427,ADRENAL_IL,subclonal,clonal,shared,selected,M,72.0,Clear Cell,Y,IV,4.0,130,VHL_wt,C4_Hi_ITH_Hi_WGII,Attenuated,0.79,3.33,1
Loss_3p25.3,3p25.3,driverSCNA,Loss,,,K427,ADRENAL_IL,subclonal,,private.to.primary,not_selected,M,72.0,Clear Cell,Y,IV,4.0,130,VHL_wt,C4_Hi_ITH_Hi_WGII,Attenuated,0.79,3.33,0
Loss_6q22.33,6q22.33,driverSCNA,Loss,,,K427,ADRENAL_CL,subclonal,,private.to.primary,not_selected,M,72.0,Clear Cell,Y,IV,4.0,130,VHL_wt,C4_Hi_ITH_Hi_WGII,Attenuated,0.79,3.33,0
Loss_6q22.33,6q22.33,driverSCNA,Loss,,,K427,THROMBUS_IVC,subclonal,,private.to.primary,not_selected,M,72.0,Clear Cell,Y,IV,4.0,130,VHL_wt,C4_Hi_ITH_Hi_WGII,Attenuated,0.79,3.33,0
Loss_6q22.33,6q22.33,driverSCNA,Loss,,,K427,ADRENAL_IL,subclonal,,private.to.primary,not_selected,M,72.0,Clear Cell,Y,IV,4.0,130,VHL_wt,C4_Hi_ITH_Hi_WGII,Attenuated,0.79,3.33,0
Gain_12p11.21,12p11.21,driverSCNA,Gain,,,K096,THROMBUS_IVC,subclonal,clonal,shared,selected,F,68.0,Clear Cell,Y,IV,4.0,135,BAP1_driven,C4_Hi_ITH_Hi_WGII,Attenuated,0.6,3.0,1
Gain_12p11.21,12p11.21,driverSCNA,Gain,,,K096,ADRENAL_IL,subclonal,clonal,shared,selected,F,68.0,Clear Cell,Y,IV,4.0,135,BAP1_driven,C4_Hi_ITH_Hi_WGII,Attenuated,0.6,3.0,1
Gain_12p11.21,12p11.21,driverSCNA,Gain,,,K096,LN_HI,subclonal,clonal,shared,selected,F,68.0,Clear Cell,Y,IV,4.0,135,BAP1_driven,C4_Hi_ITH_Hi_WGII,Attenuated,0.6,3.0,1
Gain_12p11.21,12p11.21,driverSCNA,Gain,,,K096,LN_PA,subclonal,clonal,shared,selected,F,68.0,Clear Cell,Y,IV,4.0,135,BAP1_driven,C4_Hi_ITH_Hi_WGII,Attenuated,0.6,3.0,1
Gain_20q13.33,20q13.33,driverSCNA,Gain,,,K096,THROMBUS_IVC,subclonal,clonal,shared,selected,F,68.0,Clear Cell,Y,IV,4.0,135,BAP1_driven,C4_Hi_ITH_Hi_WGII,Attenuated,0.6,3.0,1
Gain_20q13.33,20q13.33,driverSCNA,Gain,,,K096,ADRENAL_IL,subclonal,clonal,shared,selected,F,68.0,Clear Cell,Y,IV,4.0,135,BAP1_driven,C4_Hi_ITH_Hi_WGII,Attenuated,0.6,3.0,1
Gain_20q13.33,20q13.33,driverSCNA,Gain,,,K096,LN_HI,subclonal,clonal,shared,selected,F,68.0,Clear Cell,Y,IV,4.0,135,BAP1_driven,C4_Hi_ITH_Hi_WGII,Attenuated,0.6,3.0,1
Gain_20q13.33,20q13.33,driverSCNA,Gain,,,K096,LN_PA,subclonal,clonal,shared,selected,F,68.0,Clear Cell,Y,IV,4.0,135,BAP1_driven,C4_Hi_ITH_Hi_WGII,Attenuated,0.6,3.0,1
Loss_4q34.3,4q34.3,driverSCNA,Loss,,,K096,THROMBUS_IVC,subclonal,clonal,shared,selected,F,68.0,Clear Cell,Y,IV,4.0,135,BAP1_driven,C4_Hi_ITH_Hi_WGII,Attenuated,0.6,3.0,1
Loss_4q34.3,4q34.3,driverSCNA,Loss,,,K096,ADRENAL_IL,subclonal,clonal,shared,selected,F,68.0,Clear Cell,Y,IV,4.0,135,BAP1_driven,C4_Hi_ITH_Hi_WGII,Attenuated,0.6,3.0,1
Loss_4q34.3,4q34.3,driverSCNA,Loss,,,K096,LN_HI,subclonal,clonal,shared,selected,F,68.0,Clear Cell,Y,IV,4.0,135,BAP1_driven,C4_Hi_ITH_Hi_WGII,Attenuated,0.6,3.0,1
Loss_4q34.3,4q34.3,driverSCNA,Loss,,,K096,LN_PA,subclonal,clonal,shared,selected,F,68.0,Clear Cell,Y,IV,4.0,135,BAP1_driven,C4_Hi_ITH_Hi_WGII,Attenuated,0.6,3.0,1
Loss_9p21.3,9p21.3,driverSCNA,Loss,,,K096,THROMBUS_IVC,subclonal,clonal,shared,selected,F,68.0,Clear Cell,Y,IV,4.0,135,BAP1_driven,C4_Hi_ITH_Hi_WGII,Attenuated,0.6,3.0,1
Loss_9p21.3,9p21.3,driverSCNA,Loss,,,K096,ADRENAL_IL,subclonal,clonal,shared,selected,F,68.0,Clear Cell,Y,IV,4.0,135,BAP1_driven,C4_Hi_ITH_Hi_WGII,Attenuated,0.6,3.0,1
Loss_9p21.3,9p21.3,driverSCNA,Loss,,,K096,LN_HI,subclonal,clonal,shared,selected,F,68.0,Clear Cell,Y,IV,4.0,135,BAP1_driven,C4_Hi_ITH_Hi_WGII,Attenuated,0.6,3.0,1
Loss_9p21.3,9p21.3,driverSCNA,Loss,,,K096,LN_PA,subclonal,clonal,shared,selected,F,68.0,Clear Cell,Y,IV,4.0,135,BAP1_driven,C4_Hi_ITH_Hi_WGII,Attenuated,0.6,3.0,1
Gain_8q24.21,8q24.21,driverSCNA,Gain,,,K096,THROMBUS_IVC,subclonal,clonal,shared,selected,F,68.0,Clear Cell,Y,IV,4.0,135,BAP1_driven,C4_Hi_ITH_Hi_WGII,Attenuated,0.6,3.0,1
Gain_8q24.21,8q24.21,driverSCNA,Gain,,,K096,ADRENAL_IL,subclonal,clonal,shared,selected,F,68.0,Clear Cell,Y,IV,4.0,135,BAP1_driven,C4_Hi_ITH_Hi_WGII,Attenuated,0.6,3.0,1
Gain_8q24.21,8q24.21,driverSCNA,Gain,,,K096,LN_HI,subclonal,clonal,shared,selected,F,68.0,Clear Cell,Y,IV,4.0,135,BAP1_driven,C4_Hi_ITH_Hi_WGII,Attenuated,0.6,3.0,1
Gain_8q24.21,8q24.21,driverSCNA,Gain,,,K096,LN_PA,subclonal,clonal,shared,selected,F,68.0,Clear Cell,Y,IV,4.0,135,BAP1_driven,C4_Hi_ITH_Hi_WGII,Attenuated,0.6,3.0,1
Gain_7q22.3,7q22.3,driverSCNA,Gain,,,K096,ADRENAL_IL,subclonal,clonal,shared,selected,F,68.0,Clear Cell,Y,IV,4.0,135,BAP1_driven,C4_Hi_ITH_Hi_WGII,Attenuated,0.6,3.0,1
Gain_7q22.3,7q22.3,driverSCNA,Gain,,,K096,LN_HI,subclonal,clonal,shared,selected,F,68.0,Clear Cell,Y,IV,4.0,135,BAP1_driven,C4_Hi_ITH_Hi_WGII,Attenuated,0.6,3.0,1
Gain_7q22.3,7q22.3,driverSCNA,Gain,,,K096,LN_PA,subclonal,clonal,shared,selected,F,68.0,Clear Cell,Y,IV,4.0,135,BAP1_driven,C4_Hi_ITH_Hi_WGII,Attenuated,0.6,3.0,1
Loss_1p36.11,1p36.11,driverSCNA,Loss,,,K096,ADRENAL_IL,subclonal,,private.to.primary,not_selected,F,68.0,Clear Cell,Y,IV,4.0,135,BAP1_driven,C4_Hi_ITH_Hi_WGII,Attenuated,0.6,3.0,0
Loss_1p36.11,1p36.11,driverSCNA,Loss,,,K096,LN_HI,subclonal,,private.to.primary,not_selected,F,68.0,Clear Cell,Y,IV,4.0,135,BAP1_driven,C4_Hi_ITH_Hi_WGII,Attenuated,0.6,3.0,0
Loss_1p36.11,1p36.11,driverSCNA,Loss,,,K096,LN_PA,subclonal,,private.to.primary,not_selected,F,68.0,Clear Cell,Y,IV,4.0,135,BAP1_driven,C4_Hi_ITH_Hi_WGII,Attenuated,0.6,3.0,0
Gain_1q25.1,1q25.1,driverSCNA,Gain,,,K096,THROMBUS_IVC,subclonal,,private.to.primary,not_selected,F,68.0,Clear Cell,Y,IV,4.0,135,BAP1_driven,C4_Hi_ITH_Hi_WGII,Attenuated,0.6,3.0,0
Gain_1q25.1,1q25.1,driverSCNA,Gain,,,K096,LN_HI,subclonal,,private.to.primary,not_selected,F,68.0,Clear Cell,Y,IV,4.0,135,BAP1_driven,C4_Hi_ITH_Hi_WGII,Attenuated,0.6,3.0,0
Gain_1q25.1,1q25.1,driverSCNA,Gain,,,K096,LN_PA,subclonal,clonal,shared,selected,F,68.0,Clear Cell,Y,IV,4.0,135,BAP1_driven,C4_Hi_ITH_Hi_WGII,Attenuated,0.6,3.0,1
Gain_2q14.3,2q14.3,driverSCNA,Gain,,,K096,THROMBUS_IVC,subclonal,,private.to.primary,not_selected,F,68.0,Clear Cell,Y,IV,4.0,135,BAP1_driven,C4_Hi_ITH_Hi_WGII,Attenuated,0.6,3.0,0
Gain_2q14.3,2q14.3,driverSCNA,Gain,,,K096,ADRENAL_IL,subclonal,,private.to.primary,not_selected,F,68.0,Clear Cell,Y,IV,4.0,135,BAP1_driven,C4_Hi_ITH_Hi_WGII,Attenuated,0.6,3.0,0
Gain_2q14.3,2q14.3,driverSCNA,Gain,,,K096,LN_HI,subclonal,,private.to.primary,not_selected,F,68.0,Clear Cell,Y,IV,4.0,135,BAP1_driven,C4_Hi_ITH_Hi_WGII,Attenuated,0.6,3.0,0
Gain_2q14.3,2q14.3,driverSCNA,Gain,,,K096,LN_PA,subclonal,,private.to.primary,not_selected,F,68.0,Clear Cell,Y,IV,4.0,135,BAP1_driven,C4_Hi_ITH_Hi_WGII,Attenuated,0.6,3.0,0
Gain_12p11.21,12p11.21,driverSCNA,Gain,,,K139,THROMBUS_IVC,subclonal,,private.to.primary,not_selected,F,70.0,Clear Cell,N,III,3.0,80,PBRM1-->PI3K,C3_Lo_ITH_Hi_WGII,,0.5,1.0,0
Gain_20q13.33,20q13.33,driverSCNA,Gain,,,K139,THROMBUS_IVC,subclonal,,private.to.primary,not_selected,F,70.0,Clear Cell,N,III,3.0,80,PBRM1-->PI3K,C3_Lo_ITH_Hi_WGII,,0.5,1.0,0
Loss_4q34.3,4q34.3,driverSCNA,Loss,,,K139,THROMBUS_IVC,subclonal,,private.to.primary,not_selected,F,70.0,Clear Cell,N,III,3.0,80,PBRM1-->PI3K,C3_Lo_ITH_Hi_WGII,,0.5,1.0,0
loss_9p,9p,armSCNA,Loss,,,K059,THROMBUS_RV,subclonal,clonal,shared,selected,M,47.0,Clear Cell,N,III,3.0,170,PBRM1-->PI3K,C1_Lo_ITH_Lo_WGII,,0.27,1.0,1
loss_10q,10q,armSCNA,Loss,,,K059,THROMBUS_RV,subclonal,clonal,shared,selected,M,47.0,Clear Cell,N,III,3.0,170,PBRM1-->PI3K,C1_Lo_ITH_Lo_WGII,,0.27,1.0,1
gain_7,7,armSCNA,Gain,,,K059,THROMBUS_RV,subclonal,,private.to.primary,not_selected,M,47.0,Clear Cell,N,III,3.0,170,PBRM1-->PI3K,C1_Lo_ITH_Lo_WGII,,0.27,1.0,0
loss_14q,14q,armSCNA,Loss,,,K059,THROMBUS_RV,subclonal,,private.to.primary,not_selected,M,47.0,Clear Cell,N,III,3.0,170,PBRM1-->PI3K,C1_Lo_ITH_Lo_WGII,,0.27,1.0,0
loss_19p,19p,armSCNA,Loss,,,K059,THROMBUS_RV,subclonal,,private.to.primary,not_selected,M,47.0,Clear Cell,N,III,3.0,170,PBRM1-->PI3K,C1_Lo_ITH_Lo_WGII,,0.27,1.0,0
loss_17p,17p,armSCNA,Loss,,,K107,THROMBUS_IVC,subclonal,clonal,shared,selected,M,62.0,Clear Cell,Y,IV,4.0,135,BAP1_driven,C3_Lo_ITH_Hi_WGII,Rapid,0.62,0.0,1
loss_17p,17p,armSCNA,Loss,,,K107,ADRENAL_IL,subclonal,clonal,shared,selected,M,62.0,Clear Cell,Y,IV,4.0,135,BAP1_driven,C3_Lo_ITH_Hi_WGII,Rapid,0.62,0.0,1
loss_8q,8q,armSCNA,Loss,,,K107,THROMBUS_IVC,subclonal,,private.to.primary,not_selected,M,62.0,Clear Cell,Y,IV,4.0,135,BAP1_driven,C3_Lo_ITH_Hi_WGII,Rapid,0.62,0.0,0
loss_8q,8q,armSCNA,Loss,,,K107,ADRENAL_IL,subclonal,,private.to.primary,not_selected,M,62.0,Clear Cell,Y,IV,4.0,135,BAP1_driven,C3_Lo_ITH_Hi_WGII,Rapid,0.62,0.0,0
loss_9q,9q,armSCNA,Loss,,,K153,LN_PA,subclonal,clonal,shared,selected,M,62.0,Clear Cell,N,IV,4.0,90,BAP1_driven,C4_Hi_ITH_Hi_WGII,Rapid,0.42,5.5,1
loss_9q,9q,armSCNA,Loss,,,K153,LN_AC,subclonal,clonal,shared,selected,M,62.0,Clear Cell,N,IV,4.0,90,BAP1_driven,C4_Hi_ITH_Hi_WGII,Rapid,0.42,5.5,1
loss_9q,9q,armSCNA,Loss,,,K153,LUNG,subclonal,clonal,shared,selected,M,62.0,Clear Cell,N,IV,4.0,90,BAP1_driven,C4_Hi_ITH_Hi_WGII,Rapid,0.42,5.5,1
gain_8q,8q,armSCNA,Gain,,,K153,LN_PA,subclonal,clonal,shared,selected,M,62.0,Clear Cell,N,IV,4.0,90,BAP1_driven,C4_Hi_ITH_Hi_WGII,Rapid,0.42,5.5,1
gain_8q,8q,armSCNA,Gain,,,K153,LN_AC,subclonal,clonal,shared,selected,M,62.0,Clear Cell,N,IV,4.0,90,BAP1_driven,C4_Hi_ITH_Hi_WGII,Rapid,0.42,5.5,1
gain_8q,8q,armSCNA,Gain,,,K153,LUNG,subclonal,clonal,shared,selected,M,62.0,Clear Cell,N,IV,4.0,90,BAP1_driven,C4_Hi_ITH_Hi_WGII,Rapid,0.42,5.5,1
gain_12,12,armSCNA,Gain,,,K153,LN_PA,subclonal,clonal,shared,selected,M,62.0,Clear Cell,N,IV,4.0,90,BAP1_driven,C4_Hi_ITH_Hi_WGII,Rapid,0.42,5.5,1
gain_12,12,armSCNA,Gain,,,K153,LN_AC,subclonal,clonal,shared,selected,M,62.0,Clear Cell,N,IV,4.0,90,BAP1_driven,C4_Hi_ITH_Hi_WGII,Rapid,0.42,5.5,1
gain_12,12,armSCNA,Gain,,,K153,LUNG,subclonal,clonal,shared,selected,M,62.0,Clear Cell,N,IV,4.0,90,BAP1_driven,C4_Hi_ITH_Hi_WGII,Rapid,0.42,5.5,1
loss_9p,9p,armSCNA,Loss,,,K153,LN_PA,subclonal,clonal,shared,selected,M,62.0,Clear Cell,N,IV,4.0,90,BAP1_driven,C4_Hi_ITH_Hi_WGII,Rapid,0.42,5.5,1
loss_9p,9p,armSCNA,Loss,,,K153,LN_AC,subclonal,clonal,shared,selected,M,62.0,Clear Cell,N,IV,4.0,90,BAP1_driven,C4_Hi_ITH_Hi_WGII,Rapid,0.42,5.5,1
loss_9p,9p,armSCNA,Loss,,,K153,LUNG,subclonal,clonal,shared,selected,M,62.0,Clear Cell,N,IV,4.0,90,BAP1_driven,C4_Hi_ITH_Hi_WGII,Rapid,0.42,5.5,1
loss_14q,14q,armSCNA,Loss,,,K153,LN_PA,subclonal,clonal,shared,selected,M,62.0,Clear Cell,N,IV,4.0,90,BAP1_driven,C4_Hi_ITH_Hi_WGII,Rapid,0.42,5.5,1
loss_14q,14q,armSCNA,Loss,,,K153,LN_AC,subclonal,clonal,shared,selected,M,62.0,Clear Cell,N,IV,4.0,90,BAP1_driven,C4_Hi_ITH_Hi_WGII,Rapid,0.42,5.5,1
loss_14q,14q,armSCNA,Loss,,,K153,LUNG,subclonal,clonal,shared,selected,M,62.0,Clear Cell,N,IV,4.0,90,BAP1_driven,C4_Hi_ITH_Hi_WGII,Rapid,0.42,5.5,1
loss_22q,22q,armSCNA,Loss,,,K153,LN_PA,subclonal,clonal,shared,selected,M,62.0,Clear Cell,N,IV,4.0,90,BAP1_driven,C4_Hi_ITH_Hi_WGII,Rapid,0.42,5.5,1
loss_22q,22q,armSCNA,Loss,,,K153,LN_AC,subclonal,clonal,shared,selected,M,62.0,Clear Cell,N,IV,4.0,90,BAP1_driven,C4_Hi_ITH_Hi_WGII,Rapid,0.42,5.5,1
loss_22q,22q,armSCNA,Loss,,,K153,LUNG,subclonal,clonal,shared,selected,M,62.0,Clear Cell,N,IV,4.0,90,BAP1_driven,C4_Hi_ITH_Hi_WGII,Rapid,0.42,5.5,1
gain_3q,3q,armSCNA,Gain,,,K153,LUNG,subclonal,,private.to.primary,not_selected,M,62.0,Clear Cell,N,IV,4.0,90,BAP1_driven,C4_Hi_ITH_Hi_WGII,Rapid,0.42,5.5,0
loss_18q,18q,armSCNA,Loss,,,K153,LN_PA,subclonal,clonal,shared,selected,M,62.0,Clear Cell,N,IV,4.0,90,BAP1_driven,C4_Hi_ITH_Hi_WGII,Rapid,0.42,5.5,1
loss_18q,18q,armSCNA,Loss,,,K153,LUNG,subclonal,clonal,shared,selected,M,62.0,Clear Cell,N,IV,4.0,90,BAP1_driven,C4_Hi_ITH_Hi_WGII,Rapid,0.42,5.5,1
loss_18p,18p,armSCNA,Loss,,,K153,LN_PA,subclonal,clonal,shared,selected,M,62.0,Clear Cell,N,IV,4.0,90,BAP1_driven,C4_Hi_ITH_Hi_WGII,Rapid,0.42,5.5,1
loss_18p,18p,armSCNA,Loss,,,K153,LUNG,subclonal,clonal,shared,selected,M,62.0,Clear Cell,N,IV,4.0,90,BAP1_driven,C4_Hi_ITH_Hi_WGII,Rapid,0.42,5.5,1
loss_4p,4p,armSCNA,Loss,,,K153,LN_PA,subclonal,,private.to.primary,not_selected,M,62.0,Clear Cell,N,IV,4.0,90,BAP1_driven,C4_Hi_ITH_Hi_WGII,Rapid,0.42,5.5,0
loss_4p,4p,armSCNA,Loss,,,K153,LN_AC,subclonal,,private.to.primary,not_selected,M,62.0,Clear Cell,N,IV,4.0,90,BAP1_driven,C4_Hi_ITH_Hi_WGII,Rapid,0.42,5.5,0
loss_4p,4p,armSCNA,Loss,,,K153,LUNG,subclonal,clonal,shared,selected,M,62.0,Clear Cell,N,IV,4.0,90,BAP1_driven,C4_Hi_ITH_Hi_WGII,Rapid,0.42,5.5,1
loss_4q,4q,armSCNA,Loss,,,K153,LN_AC,subclonal,,private.to.primary,not_selected,M,62.0,Clear Cell,N,IV,4.0,90,BAP1_driven,C4_Hi_ITH_Hi_WGII,Rapid,0.42,5.5,0
loss_4q,4q,armSCNA,Loss,,,K153,LUNG,subclonal,clonal,shared,selected,M,62.0,Clear Cell,N,IV,4.0,90,BAP1_driven,C4_Hi_ITH_Hi_WGII,Rapid,0.42,5.5,1
loss_13q,13q,armSCNA,Loss,,,K153,LN_AC,subclonal,,private.to.primary,not_selected,M,62.0,Clear Cell,N,IV,4.0,90,BAP1_driven,C4_Hi_ITH_Hi_WGII,Rapid,0.42,5.5,0
loss_13q,13q,armSCNA,Loss,,,K153,LUNG,subclonal,,private.to.primary,not_selected,M,62.0,Clear Cell,N,IV,4.0,90,BAP1_driven,C4_Hi_ITH_Hi_WGII,Rapid,0.42,5.5,0
gain_20p,20p,armSCNA,Gain,,,K153,LN_PA,subclonal,,private.to.primary,not_selected,M,62.0,Clear Cell,N,IV,4.0,90,BAP1_driven,C4_Hi_ITH_Hi_WGII,Rapid,0.42,5.5,0
gain_20p,20p,armSCNA,Gain,,,K153,LN_AC,subclonal,,private.to.primary,not_selected,M,62.0,Clear Cell,N,IV,4.0,90,BAP1_driven,C4_Hi_ITH_Hi_WGII,Rapid,0.42,5.5,0
gain_20p,20p,armSCNA,Gain,,,K153,LUNG,subclonal,,private.to.primary,not_selected,M,62.0,Clear Cell,N,IV,4.0,90,BAP1_driven,C4_Hi_ITH_Hi_WGII,Rapid,0.42,5.5,0
gain_17q,17q,armSCNA,Gain,,,K169,THROMBUS_IVC,subclonal,clonal,shared,selected,F,68.0,Clear Cell,N,III,4.0,125,VHL_wt,C4_Hi_ITH_Hi_WGII,,0.46,1.8,1
gain_20p,20p,armSCNA,Gain,,,K169,THROMBUS_IVC,subclonal,clonal,shared,selected,F,68.0,Clear Cell,N,III,4.0,125,VHL_wt,C4_Hi_ITH_Hi_WGII,,0.46,1.8,1
loss_14q,14q,armSCNA,Loss,,,K169,THROMBUS_IVC,subclonal,clonal,shared,selected,F,68.0,Clear Cell,N,III,4.0,125,VHL_wt,C4_Hi_ITH_Hi_WGII,,0.46,1.8,1
gain_18p,18p,armSCNA,Gain,,,K169,THROMBUS_IVC,subclonal,clonal,shared,selected,F,68.0,Clear Cell,N,III,4.0,125,VHL_wt,C4_Hi_ITH_Hi_WGII,,0.46,1.8,1
gain_20q,20q,armSCNA,Gain,,,K169,THROMBUS_IVC,subclonal,clonal,shared,selected,F,68.0,Clear Cell,N,III,4.0,125,VHL_wt,C4_Hi_ITH_Hi_WGII,,0.46,1.8,1
loss_6q,6q,armSCNA,Loss,,,K169,THROMBUS_IVC,subclonal,clonal,shared,selected,F,68.0,Clear Cell,N,III,4.0,125,VHL_wt,C4_Hi_ITH_Hi_WGII,,0.46,1.8,1
loss_13q,13q,armSCNA,Loss,,,K169,THROMBUS_IVC,subclonal,,private.to.primary,not_selected,F,68.0,Clear Cell,N,III,4.0,125,VHL_wt,C4_Hi_ITH_Hi_WGII,,0.46,1.8,0
loss_9p,9p,armSCNA,Loss,,,K169,THROMBUS_IVC,subclonal,clonal,shared,selected,F,68.0,Clear Cell,N,III,4.0,125,VHL_wt,C4_Hi_ITH_Hi_WGII,,0.46,1.8,1
loss_9q,9q,armSCNA,Loss,,,K169,THROMBUS_IVC,subclonal,clonal,shared,selected,F,68.0,Clear Cell,N,III,4.0,125,VHL_wt,C4_Hi_ITH_Hi_WGII,,0.46,1.8,1
loss_3p,3p,armSCNA,Loss,,,K169,THROMBUS_IVC,subclonal,,private.to.primary,not_selected,F,68.0,Clear Cell,N,III,4.0,125,VHL_wt,C4_Hi_ITH_Hi_WGII,,0.46,1.8,0
gain_7p,7p,armSCNA,Gain,,,K169,THROMBUS_IVC,subclonal,,private.to.primary,not_selected,F,68.0,Clear Cell,N,III,4.0,125,VHL_wt,C4_Hi_ITH_Hi_WGII,,0.46,1.8,0
gain_12q,12q,armSCNA,Gain,,,K169,THROMBUS_IVC,subclonal,,private.to.primary,not_selected,F,68.0,Clear Cell,N,III,4.0,125,VHL_wt,C4_Hi_ITH_Hi_WGII,,0.46,1.8,0
gain_15q,15q,armSCNA,Gain,,,K169,THROMBUS_IVC,subclonal,,private.to.primary,not_selected,F,68.0,Clear Cell,N,III,4.0,125,VHL_wt,C4_Hi_ITH_Hi_WGII,,0.46,1.8,0
gain_21q,21q,armSCNA,Gain,,,K169,THROMBUS_IVC,subclonal,,private.to.primary,not_selected,F,68.0,Clear Cell,N,III,4.0,125,VHL_wt,C4_Hi_ITH_Hi_WGII,,0.46,1.8,0
loss_4,4,armSCNA,Loss,,,K169,THROMBUS_IVC,subclonal,,private.to.primary,not_selected,F,68.0,Clear Cell,N,III,4.0,125,VHL_wt,C4_Hi_ITH_Hi_WGII,,0.46,1.8,0
gain_2q,2q,armSCNA,Gain,,,K169,THROMBUS_IVC,subclonal,,private.to.primary,not_selected,F,68.0,Clear Cell,N,III,4.0,125,VHL_wt,C4_Hi_ITH_Hi_WGII,,0.46,1.8,0
gain_3q,3q,armSCNA,Gain,,,K169,THROMBUS_IVC,subclonal,,private.to.primary,not_selected,F,68.0,Clear Cell,N,III,4.0,125,VHL_wt,C4_Hi_ITH_Hi_WGII,,0.46,1.8,0
gain_5p,5p,armSCNA,Gain,,,K169,THROMBUS_IVC,subclonal,,private.to.primary,not_selected,F,68.0,Clear Cell,N,III,4.0,125,VHL_wt,C4_Hi_ITH_Hi_WGII,,0.46,1.8,0
gain_7q,7q,armSCNA,Gain,,,K169,THROMBUS_IVC,subclonal,,private.to.primary,not_selected,F,68.0,Clear Cell,N,III,4.0,125,VHL_wt,C4_Hi_ITH_Hi_WGII,,0.46,1.8,0
gain_12p,12p,armSCNA,Gain,,,K169,THROMBUS_IVC,subclonal,,private.to.primary,not_selected,F,68.0,Clear Cell,N,III,4.0,125,VHL_wt,C4_Hi_ITH_Hi_WGII,,0.46,1.8,0
loss_2p,2p,armSCNA,Loss,,,K169,THROMBUS_IVC,subclonal,,private.to.primary,not_selected,F,68.0,Clear Cell,N,III,4.0,125,VHL_wt,C4_Hi_ITH_Hi_WGII,,0.46,1.8,0
loss_11,11,armSCNA,Loss,,,K169,THROMBUS_IVC,subclonal,,private.to.primary,not_selected,F,68.0,Clear Cell,N,III,4.0,125,VHL_wt,C4_Hi_ITH_Hi_WGII,,0.46,1.8,0
loss_18p,18p,armSCNA,Loss,,,K169,THROMBUS_IVC,subclonal,,private.to.primary,not_selected,F,68.0,Clear Cell,N,III,4.0,125,VHL_wt,C4_Hi_ITH_Hi_WGII,,0.46,1.8,0
gain_7p,7p,armSCNA,Gain,,,K180,THROMBUS_IVC,subclonal,,private.to.primary,not_selected,F,78.0,Clear Cell,N,III,2.0,90,PBRM1-->PI3K,C2_Hi_ITH_Lo_WGII,Attenuated,0.09,1.67,0
loss_9,9,armSCNA,Loss,,,K180,THROMBUS_IVC,subclonal,,private.to.primary,not_selected,F,78.0,Clear Cell,N,III,2.0,90,PBRM1-->PI3K,C2_Hi_ITH_Lo_WGII,Attenuated,0.09,1.67,0
loss_14q,14q,armSCNA,Loss,,,K180,THROMBUS_IVC,subclonal,,private.to.primary,not_selected,F,78.0,Clear Cell,N,III,2.0,90,PBRM1-->PI3K,C2_Hi_ITH_Lo_WGII,Attenuated,0.09,1.67,0
loss_9p,9p,armSCNA,Loss,,,K191,THROMBUS_IVC,subclonal,,private.to.primary,not_selected,F,58.0,Clear Cell,N,III,2.0,180,BAP1_driven,C4_Hi_ITH_Hi_WGII,,0.8,1.67,0
gain_1q,1q,armSCNA,Gain,,,K191,THROMBUS_IVC,subclonal,,private.to.primary,not_selected,F,58.0,Clear Cell,N,III,2.0,180,BAP1_driven,C4_Hi_ITH_Hi_WGII,,0.8,1.67,0
gain_5q,5q,armSCNA,Gain,,,K191,THROMBUS_IVC,subclonal,,private.to.primary,not_selected,F,58.0,Clear Cell,N,III,2.0,180,BAP1_driven,C4_Hi_ITH_Hi_WGII,,0.8,1.67,0
loss_9q,9q,armSCNA,Loss,,,K191,THROMBUS_IVC,subclonal,,private.to.primary,not_selected,F,58.0,Clear Cell,N,III,2.0,180,BAP1_driven,C4_Hi_ITH_Hi_WGII,,0.8,1.67,0
loss_13q,13q,armSCNA,Loss,,,K191,THROMBUS_IVC,subclonal,,private.to.primary,not_selected,F,58.0,Clear Cell,N,III,2.0,180,BAP1_driven,C4_Hi_ITH_Hi_WGII,,0.8,1.67,0
loss_16q,16q,armSCNA,Loss,,,K191,THROMBUS_IVC,subclonal,,private.to.primary,not_selected,F,58.0,Clear Cell,N,III,2.0,180,BAP1_driven,C4_Hi_ITH_Hi_WGII,,0.8,1.67,0
gain_2,2,armSCNA,Gain,,,K191,THROMBUS_IVC,subclonal,,private.to.primary,not_selected,F,58.0,Clear Cell,N,III,2.0,180,BAP1_driven,C4_Hi_ITH_Hi_WGII,,0.8,1.67,0
gain_6,6,armSCNA,Gain,,,K191,THROMBUS_IVC,subclonal,,private.to.primary,not_selected,F,58.0,Clear Cell,N,III,2.0,180,BAP1_driven,C4_Hi_ITH_Hi_WGII,,0.8,1.67,0
gain_7,7,armSCNA,Gain,,,K191,THROMBUS_IVC,subclonal,,private.to.primary,not_selected,F,58.0,Clear Cell,N,III,2.0,180,BAP1_driven,C4_Hi_ITH_Hi_WGII,,0.8,1.67,0
gain_20,20,armSCNA,Gain,,,K191,THROMBUS_IVC,subclonal,,private.to.primary,not_selected,F,58.0,Clear Cell,N,III,2.0,180,BAP1_driven,C4_Hi_ITH_Hi_WGII,,0.8,1.67,0
loss_18,18,armSCNA,Loss,,,K191,THROMBUS_IVC,subclonal,,private.to.primary,not_selected,F,58.0,Clear Cell,N,III,2.0,180,BAP1_driven,C4_Hi_ITH_Hi_WGII,,0.8,1.67,0
loss_22q,22q,armSCNA,Loss,,,K191,THROMBUS_IVC,subclonal,,private.to.primary,not_selected,F,58.0,Clear Cell,N,III,2.0,180,BAP1_driven,C4_Hi_ITH_Hi_WGII,,0.8,1.67,0
gain_8,8,armSCNA,Gain,,,K191,THROMBUS_IVC,subclonal,,private.to.primary,not_selected,F,58.0,Clear Cell,N,III,2.0,180,BAP1_driven,C4_Hi_ITH_Hi_WGII,,0.8,1.67,0
loss_8p,8p,armSCNA,Loss,,,K191,THROMBUS_IVC,subclonal,,private.to.primary,not_selected,F,58.0,Clear Cell,N,III,2.0,180,BAP1_driven,C4_Hi_ITH_Hi_WGII,,0.8,1.67,0
loss_10p,10p,armSCNA,Loss,,,K191,THROMBUS_IVC,subclonal,,private.to.primary,not_selected,F,58.0,Clear Cell,N,III,2.0,180,BAP1_driven,C4_Hi_ITH_Hi_WGII,,0.8,1.67,0
loss_21q,21q,armSCNA,Loss,,,K191,THROMBUS_IVC,subclonal,,private.to.primary,not_selected,F,58.0,Clear Cell,N,III,2.0,180,BAP1_driven,C4_Hi_ITH_Hi_WGII,,0.8,1.67,0
gain_5p,5p,armSCNA,Gain,,,K191,THROMBUS_IVC,subclonal,,private.to.primary,not_selected,F,58.0,Clear Cell,N,III,2.0,180,BAP1_driven,C4_Hi_ITH_Hi_WGII,,0.8,1.67,0
gain_11,11,armSCNA,Gain,,,K191,THROMBUS_IVC,subclonal,,private.to.primary,not_selected,F,58.0,Clear Cell,N,III,2.0,180,BAP1_driven,C4_Hi_ITH_Hi_WGII,,0.8,1.67,0
gain_12p,12p,armSCNA,Gain,,,K191,THROMBUS_IVC,subclonal,,private.to.primary,not_selected,F,58.0,Clear Cell,N,III,2.0,180,BAP1_driven,C4_Hi_ITH_Hi_WGII,,0.8,1.67,0
gain_15q,15q,armSCNA,Gain,,,K191,THROMBUS_IVC,subclonal,,private.to.primary,not_selected,F,58.0,Clear Cell,N,III,2.0,180,BAP1_driven,C4_Hi_ITH_Hi_WGII,,0.8,1.67,0
loss_4,4,armSCNA,Loss,,,K191,THROMBUS_IVC,subclonal,,private.to.primary,not_selected,F,58.0,Clear Cell,N,III,2.0,180,BAP1_driven,C4_Hi_ITH_Hi_WGII,,0.8,1.67,0
loss_8q,8q,armSCNA,Loss,,,K191,THROMBUS_IVC,subclonal,,private.to.primary,not_selected,F,58.0,Clear Cell,N,III,2.0,180,BAP1_driven,C4_Hi_ITH_Hi_WGII,,0.8,1.67,0
loss_10q,10q,armSCNA,Loss,,,K191,THROMBUS_IVC,subclonal,,private.to.primary,not_selected,F,58.0,Clear Cell,N,III,2.0,180,BAP1_driven,C4_Hi_ITH_Hi_WGII,,0.8,1.67,0
loss_17p,17p,armSCNA,Loss,,,K191,THROMBUS_IVC,subclonal,,private.to.primary,not_selected,F,58.0,Clear Cell,N,III,2.0,180,BAP1_driven,C4_Hi_ITH_Hi_WGII,,0.8,1.67,0
loss_14q,14q,armSCNA,Loss,,,K206,ADRENAL_CL,subclonal,clonal,shared,selected,M,67.0,Clear Cell,Y,IV,4.0,125,PBRM1-->SETD2,C2_Hi_ITH_Lo_WGII,Attenuated,0.33,2.67,1
gain_7,7,armSCNA,Gain,,,K206,ADRENAL_CL,subclonal,,private.to.primary,not_selected,M,67.0,Clear Cell,Y,IV,4.0,125,PBRM1-->SETD2,C2_Hi_ITH_Lo_WGII,Attenuated,0.33,2.67,0
gain_2,2,armSCNA,Gain,,,K206,ADRENAL_CL,subclonal,,private.to.primary,not_selected,M,67.0,Clear Cell,Y,IV,4.0,125,PBRM1-->SETD2,C2_Hi_ITH_Lo_WGII,Attenuated,0.33,2.67,0
gain_3q,3q,armSCNA,Gain,,,K206,ADRENAL_CL,subclonal,,private.to.primary,not_selected,M,67.0,Clear Cell,Y,IV,4.0,125,PBRM1-->SETD2,C2_Hi_ITH_Lo_WGII,Attenuated,0.33,2.67,0
gain_15q,15q,armSCNA,Gain,,,K206,ADRENAL_CL,subclonal,,private.to.primary,not_selected,M,67.0,Clear Cell,Y,IV,4.0,125,PBRM1-->SETD2,C2_Hi_ITH_Lo_WGII,Attenuated,0.33,2.67,0
loss_9,9,armSCNA,Loss,,,K206,ADRENAL_CL,subclonal,,private.to.primary,not_selected,M,67.0,Clear Cell,Y,IV,4.0,125,PBRM1-->SETD2,C2_Hi_ITH_Lo_WGII,Attenuated,0.33,2.67,0
gain_1q,1q,armSCNA,Gain,,,K206,ADRENAL_CL,subclonal,,private.to.primary,not_selected,M,67.0,Clear Cell,Y,IV,4.0,125,PBRM1-->SETD2,C2_Hi_ITH_Lo_WGII,Attenuated,0.33,2.67,0
gain_1p,1p,armSCNA,Gain,,,K206,ADRENAL_CL,subclonal,,private.to.primary,not_selected,M,67.0,Clear Cell,Y,IV,4.0,125,PBRM1-->SETD2,C2_Hi_ITH_Lo_WGII,Attenuated,0.33,2.67,0
gain_16p,16p,armSCNA,Gain,,,K206,ADRENAL_CL,subclonal,,private.to.primary,not_selected,M,67.0,Clear Cell,Y,IV,4.0,125,PBRM1-->SETD2,C2_Hi_ITH_Lo_WGII,Attenuated,0.33,2.67,0
loss_1p,1p,armSCNA,Loss,,,K206,ADRENAL_CL,subclonal,,private.to.primary,not_selected,M,67.0,Clear Cell,Y,IV,4.0,125,PBRM1-->SETD2,C2_Hi_ITH_Lo_WGII,Attenuated,0.33,2.67,0
loss_4p,4p,armSCNA,Loss,,,K206,ADRENAL_CL,subclonal,,private.to.primary,not_selected,M,67.0,Clear Cell,Y,IV,4.0,125,PBRM1-->SETD2,C2_Hi_ITH_Lo_WGII,Attenuated,0.33,2.67,0
loss_7p,7p,armSCNA,Loss,,,K206,ADRENAL_CL,subclonal,,private.to.primary,not_selected,M,67.0,Clear Cell,Y,IV,4.0,125,PBRM1-->SETD2,C2_Hi_ITH_Lo_WGII,Attenuated,0.33,2.67,0
loss_10p,10p,armSCNA,Loss,,,K206,ADRENAL_CL,subclonal,,private.to.primary,not_selected,M,67.0,Clear Cell,Y,IV,4.0,125,PBRM1-->SETD2,C2_Hi_ITH_Lo_WGII,Attenuated,0.33,2.67,0
loss_12q,12q,armSCNA,Loss,,,K206,ADRENAL_CL,subclonal,,private.to.primary,not_selected,M,67.0,Clear Cell,Y,IV,4.0,125,PBRM1-->SETD2,C2_Hi_ITH_Lo_WGII,Attenuated,0.33,2.67,0
loss_13q,13q,armSCNA,Loss,,,K206,ADRENAL_CL,subclonal,,private.to.primary,not_selected,M,67.0,Clear Cell,Y,IV,4.0,125,PBRM1-->SETD2,C2_Hi_ITH_Lo_WGII,Attenuated,0.33,2.67,0
loss_17q,17q,armSCNA,Loss,,,K206,ADRENAL_CL,subclonal,,private.to.primary,not_selected,M,67.0,Clear Cell,Y,IV,4.0,125,PBRM1-->SETD2,C2_Hi_ITH_Lo_WGII,Attenuated,0.33,2.67,0
loss_19p,19p,armSCNA,Loss,,,K206,ADRENAL_CL,subclonal,,private.to.primary,not_selected,M,67.0,Clear Cell,Y,IV,4.0,125,PBRM1-->SETD2,C2_Hi_ITH_Lo_WGII,Attenuated,0.33,2.67,0
gain_1q,1q,armSCNA,Gain,,,K228,ADRENAL_IL_D,subclonal,clonal,shared,selected,F,79.0,Clear Cell,Y,IV,4.0,110,PBRM1-->sCNA,C4_Hi_ITH_Hi_WGII,Attenuated,0.37,2.33,1
gain_5q,5q,armSCNA,Gain,,,K228,ADRENAL_IL_D,subclonal,clonal,shared,selected,F,79.0,Clear Cell,Y,IV,4.0,110,PBRM1-->sCNA,C4_Hi_ITH_Hi_WGII,Attenuated,0.37,2.33,1
gain_15q,15q,armSCNA,Gain,,,K228,ADRENAL_IL_D,subclonal,clonal,shared,selected,F,79.0,Clear Cell,Y,IV,4.0,110,PBRM1-->sCNA,C4_Hi_ITH_Hi_WGII,Attenuated,0.37,2.33,1
loss_9p,9p,armSCNA,Loss,,,K228,ADRENAL_IL_D,subclonal,clonal,shared,selected,F,79.0,Clear Cell,Y,IV,4.0,110,PBRM1-->sCNA,C4_Hi_ITH_Hi_WGII,Attenuated,0.37,2.33,1
loss_13q,13q,armSCNA,Loss,,,K228,ADRENAL_IL_D,subclonal,clonal,shared,selected,F,79.0,Clear Cell,Y,IV,4.0,110,PBRM1-->sCNA,C4_Hi_ITH_Hi_WGII,Attenuated,0.37,2.33,1
loss_17p,17p,armSCNA,Loss,,,K228,ADRENAL_IL_D,subclonal,clonal,shared,selected,F,79.0,Clear Cell,Y,IV,4.0,110,PBRM1-->sCNA,C4_Hi_ITH_Hi_WGII,Attenuated,0.37,2.33,1
loss_18q,18q,armSCNA,Loss,,,K228,ADRENAL_IL_D,subclonal,clonal,shared,selected,F,79.0,Clear Cell,Y,IV,4.0,110,PBRM1-->sCNA,C4_Hi_ITH_Hi_WGII,Attenuated,0.37,2.33,1
loss_20p,20p,armSCNA,Loss,,,K228,ADRENAL_IL_D,subclonal,clonal,shared,selected,F,79.0,Clear Cell,Y,IV,4.0,110,PBRM1-->sCNA,C4_Hi_ITH_Hi_WGII,Attenuated,0.37,2.33,1
gain_7q,7q,armSCNA,Gain,,,K228,ADRENAL_IL_D,subclonal,clonal,shared,selected,F,79.0,Clear Cell,Y,IV,4.0,110,PBRM1-->sCNA,C4_Hi_ITH_Hi_WGII,Attenuated,0.37,2.33,1
loss_20q,20q,armSCNA,Loss,,,K228,ADRENAL_IL_D,subclonal,clonal,shared,selected,F,79.0,Clear Cell,Y,IV,4.0,110,PBRM1-->sCNA,C4_Hi_ITH_Hi_WGII,Attenuated,0.37,2.33,1
loss_8p,8p,armSCNA,Loss,,,K228,ADRENAL_IL_D,subclonal,,private.to.primary,not_selected,F,79.0,Clear Cell,Y,IV,4.0,110,PBRM1-->sCNA,C4_Hi_ITH_Hi_WGII,Attenuated,0.37,2.33,0
loss_19p,19p,armSCNA,Loss,,,K228,ADRENAL_IL_D,subclonal,,private.to.primary,not_selected,F,79.0,Clear Cell,Y,IV,4.0,110,PBRM1-->sCNA,C4_Hi_ITH_Hi_WGII,Attenuated,0.37,2.33,0
gain_8q,8q,armSCNA,Gain,,,K228,ADRENAL_IL_D,subclonal,,private.to.primary,not_selected,F,79.0,Clear Cell,Y,IV,4.0,110,PBRM1-->sCNA,C4_Hi_ITH_Hi_WGII,Attenuated,0.37,2.33,0
loss_14q,14q,armSCNA,Loss,,,K228,ADRENAL_IL_D,subclonal,,private.to.primary,not_selected,F,79.0,Clear Cell,Y,IV,4.0,110,PBRM1-->sCNA,C4_Hi_ITH_Hi_WGII,Attenuated,0.37,2.33,0
loss_17q,17q,armSCNA,Loss,,,K228,ADRENAL_IL_D,subclonal,,private.to.primary,not_selected,F,79.0,Clear Cell,Y,IV,4.0,110,PBRM1-->sCNA,C4_Hi_ITH_Hi_WGII,Attenuated,0.37,2.33,0
gain_7p,7p,armSCNA,Gain,,,K234,THROMBUS_RV,subclonal,clonal,shared,selected,M,63.0,Clear Cell,N,III,3.0,70,BAP1_driven,C4_Hi_ITH_Hi_WGII,,0.52,2.5,1
gain_7q,7q,armSCNA,Gain,,,K234,THROMBUS_RV,subclonal,clonal,shared,selected,M,63.0,Clear Cell,N,III,3.0,70,BAP1_driven,C4_Hi_ITH_Hi_WGII,,0.52,2.5,1
loss_14q,14q,armSCNA,Loss,,,K234,THROMBUS_RV,subclonal,,private.to.primary,not_selected,M,63.0,Clear Cell,N,III,3.0,70,BAP1_driven,C4_Hi_ITH_Hi_WGII,,0.52,2.5,0
loss_18p,18p,armSCNA,Loss,,,K234,THROMBUS_RV,subclonal,clonal,shared,selected,M,63.0,Clear Cell,N,III,3.0,70,BAP1_driven,C4_Hi_ITH_Hi_WGII,,0.52,2.5,1
loss_18q,18q,armSCNA,Loss,,,K234,THROMBUS_RV,subclonal,clonal,shared,selected,M,63.0,Clear Cell,N,III,3.0,70,BAP1_driven,C4_Hi_ITH_Hi_WGII,,0.52,2.5,1
gain_20p,20p,armSCNA,Gain,,,K234,THROMBUS_RV,subclonal,,private.to.primary,not_selected,M,63.0,Clear Cell,N,III,3.0,70,BAP1_driven,C4_Hi_ITH_Hi_WGII,,0.52,2.5,0
gain_20q,20q,armSCNA,Gain,,,K234,THROMBUS_RV,subclonal,,private.to.primary,not_selected,M,63.0,Clear Cell,N,III,3.0,70,BAP1_driven,C4_Hi_ITH_Hi_WGII,,0.52,2.5,0
gain_8q,8q,armSCNA,Gain,,,K234,THROMBUS_RV,subclonal,,private.to.primary,not_selected,M,63.0,Clear Cell,N,III,3.0,70,BAP1_driven,C4_Hi_ITH_Hi_WGII,,0.52,2.5,0
loss_8p,8p,armSCNA,Loss,,,K234,THROMBUS_RV,subclonal,,private.to.primary,not_selected,M,63.0,Clear Cell,N,III,3.0,70,BAP1_driven,C4_Hi_ITH_Hi_WGII,,0.52,2.5,0
loss_9q,9q,armSCNA,Loss,,,K234,THROMBUS_RV,subclonal,,private.to.primary,not_selected,M,63.0,Clear Cell,N,III,3.0,70,BAP1_driven,C4_Hi_ITH_Hi_WGII,,0.52,2.5,0
gain_12,12,armSCNA,Gain,,,K234,THROMBUS_RV,subclonal,,private.to.primary,not_selected,M,63.0,Clear Cell,N,III,3.0,70,BAP1_driven,C4_Hi_ITH_Hi_WGII,,0.52,2.5,0
loss_9p,9p,armSCNA,Loss,,,K234,THROMBUS_RV,subclonal,,private.to.primary,not_selected,M,63.0,Clear Cell,N,III,3.0,70,BAP1_driven,C4_Hi_ITH_Hi_WGII,,0.52,2.5,0
gain_5p,5p,armSCNA,Gain,,,K234,THROMBUS_RV,subclonal,,private.to.primary,not_selected,M,63.0,Clear Cell,N,III,3.0,70,BAP1_driven,C4_Hi_ITH_Hi_WGII,,0.52,2.5,0
loss_19p,19p,armSCNA,Loss,,,K234,THROMBUS_RV,subclonal,,private.to.primary,not_selected,M,63.0,Clear Cell,N,III,3.0,70,BAP1_driven,C4_Hi_ITH_Hi_WGII,,0.52,2.5,0
gain_2,2,armSCNA,Gain,,,K234,THROMBUS_RV,subclonal,,private.to.primary,not_selected,M,63.0,Clear Cell,N,III,3.0,70,BAP1_driven,C4_Hi_ITH_Hi_WGII,,0.52,2.5,0
gain_13q,13q,armSCNA,Gain,,,K234,THROMBUS_RV,subclonal,,private.to.primary,not_selected,M,63.0,Clear Cell,N,III,3.0,70,BAP1_driven,C4_Hi_ITH_Hi_WGII,,0.52,2.5,0
gain_22q,22q,armSCNA,Gain,,,K234,THROMBUS_RV,subclonal,,private.to.primary,not_selected,M,63.0,Clear Cell,N,III,3.0,70,BAP1_driven,C4_Hi_ITH_Hi_WGII,,0.52,2.5,0
loss_4,4,armSCNA,Loss,,,K234,THROMBUS_RV,subclonal,,private.to.primary,not_selected,M,63.0,Clear Cell,N,III,3.0,70,BAP1_driven,C4_Hi_ITH_Hi_WGII,,0.52,2.5,0
loss_11,11,armSCNA,Loss,,,K234,THROMBUS_RV,subclonal,,private.to.primary,not_selected,M,63.0,Clear Cell,N,III,3.0,70,BAP1_driven,C4_Hi_ITH_Hi_WGII,,0.52,2.5,0
loss_13q,13q,armSCNA,Loss,,,K234,THROMBUS_RV,subclonal,,private.to.primary,not_selected,M,63.0,Clear Cell,N,III,3.0,70,BAP1_driven,C4_Hi_ITH_Hi_WGII,,0.52,2.5,0
loss_17,17,armSCNA,Loss,,,K234,THROMBUS_RV,subclonal,,private.to.primary,not_selected,M,63.0,Clear Cell,N,III,3.0,70,BAP1_driven,C4_Hi_ITH_Hi_WGII,,0.52,2.5,0
loss_22q,22q,armSCNA,Loss,,,K234,THROMBUS_RV,subclonal,,private.to.primary,not_selected,M,63.0,Clear Cell,N,III,3.0,70,BAP1_driven,C4_Hi_ITH_Hi_WGII,,0.52,2.5,0
loss_14q,14q,armSCNA,Loss,,,K239,THROMBUS_RV,subclonal,clonal,shared,selected,F,71.0,Clear Cell,N,III,3.0,71,non_driver_subtype,C2_Hi_ITH_Lo_WGII,,0.26,2.0,1
loss_19p,19p,armSCNA,Loss,,,K239,THROMBUS_RV,subclonal,,private.to.primary,not_selected,F,71.0,Clear Cell,N,III,3.0,71,non_driver_subtype,C2_Hi_ITH_Lo_WGII,,0.26,2.0,0
gain_2q,2q,armSCNA,Gain,,,K239,THROMBUS_RV,subclonal,,private.to.primary,not_selected,F,71.0,Clear Cell,N,III,3.0,71,non_driver_subtype,C2_Hi_ITH_Lo_WGII,,0.26,2.0,0
loss_16,16,armSCNA,Loss,,,K239,THROMBUS_RV,subclonal,,private.to.primary,not_selected,F,71.0,Clear Cell,N,III,3.0,71,non_driver_subtype,C2_Hi_ITH_Lo_WGII,,0.26,2.0,0
loss_17,17,armSCNA,Loss,,,K239,THROMBUS_RV,subclonal,,private.to.primary,not_selected,F,71.0,Clear Cell,N,III,3.0,71,non_driver_subtype,C2_Hi_ITH_Lo_WGII,,0.26,2.0,0
gain_1q,1q,armSCNA,Gain,,,K243,THROMBUS_RV,subclonal,clonal,shared,selected,F,84.0,Clear Cell,N,III,4.0,125,PBRM1-->SETD2,C4_Hi_ITH_Hi_WGII,Attenuated,0.49,13.5,1
loss_14q,14q,armSCNA,Loss,,,K243,THROMBUS_RV,subclonal,clonal,shared,selected,F,84.0,Clear Cell,N,III,4.0,125,PBRM1-->SETD2,C4_Hi_ITH_Hi_WGII,Attenuated,0.49,13.5,1
loss_10p,10p,armSCNA,Loss,,,K243,THROMBUS_RV,subclonal,,private.to.primary,not_selected,F,84.0,Clear Cell,N,III,4.0,125,PBRM1-->SETD2,C4_Hi_ITH_Hi_WGII,Attenuated,0.49,13.5,0
loss_10q,10q,armSCNA,Loss,,,K243,THROMBUS_RV,subclonal,,private.to.primary,not_selected,F,84.0,Clear Cell,N,III,4.0,125,PBRM1-->SETD2,C4_Hi_ITH_Hi_WGII,Attenuated,0.49,13.5,0
gain_20p,20p,armSCNA,Gain,,,K243,THROMBUS_RV,subclonal,,private.to.primary,not_selected,F,84.0,Clear Cell,N,III,4.0,125,PBRM1-->SETD2,C4_Hi_ITH_Hi_WGII,Attenuated,0.49,13.5,0
loss_1p,1p,armSCNA,Loss,,,K243,THROMBUS_RV,subclonal,,private.to.primary,not_selected,F,84.0,Clear Cell,N,III,4.0,125,PBRM1-->SETD2,C4_Hi_ITH_Hi_WGII,Attenuated,0.49,13.5,0
loss_17p,17p,armSCNA,Loss,,,K243,THROMBUS_RV,subclonal,clonal,shared,selected,F,84.0,Clear Cell,N,III,4.0,125,PBRM1-->SETD2,C4_Hi_ITH_Hi_WGII,Attenuated,0.49,13.5,1
gain_5,5,armSCNA,Gain,,,K243,THROMBUS_RV,subclonal,,private.to.primary,not_selected,F,84.0,Clear Cell,N,III,4.0,125,PBRM1-->SETD2,C4_Hi_ITH_Hi_WGII,Attenuated,0.49,13.5,0
loss_6q,6q,armSCNA,Loss,,,K243,THROMBUS_RV,subclonal,,private.to.primary,not_selected,F,84.0,Clear Cell,N,III,4.0,125,PBRM1-->SETD2,C4_Hi_ITH_Hi_WGII,Attenuated,0.49,13.5,0
loss_9,9,armSCNA,Loss,,,K243,THROMBUS_RV,subclonal,,private.to.primary,not_selected,F,84.0,Clear Cell,N,III,4.0,125,PBRM1-->SETD2,C4_Hi_ITH_Hi_WGII,Attenuated,0.49,13.5,0
loss_16q,16q,armSCNA,Loss,,,K243,THROMBUS_RV,subclonal,,private.to.primary,not_selected,F,84.0,Clear Cell,N,III,4.0,125,PBRM1-->SETD2,C4_Hi_ITH_Hi_WGII,Attenuated,0.49,13.5,0
gain_2q,2q,armSCNA,Gain,,,K243,THROMBUS_RV,subclonal,,private.to.primary,not_selected,F,84.0,Clear Cell,N,III,4.0,125,PBRM1-->SETD2,C4_Hi_ITH_Hi_WGII,Attenuated,0.49,13.5,0
gain_3q,3q,armSCNA,Gain,,,K243,THROMBUS_RV,subclonal,,private.to.primary,not_selected,F,84.0,Clear Cell,N,III,4.0,125,PBRM1-->SETD2,C4_Hi_ITH_Hi_WGII,Attenuated,0.49,13.5,0
loss_4p,4p,armSCNA,Loss,,,K243,THROMBUS_RV,subclonal,,private.to.primary,not_selected,F,84.0,Clear Cell,N,III,4.0,125,PBRM1-->SETD2,C4_Hi_ITH_Hi_WGII,Attenuated,0.49,13.5,0
loss_6p,6p,armSCNA,Loss,,,K243,THROMBUS_RV,subclonal,,private.to.primary,not_selected,F,84.0,Clear Cell,N,III,4.0,125,PBRM1-->SETD2,C4_Hi_ITH_Hi_WGII,Attenuated,0.49,13.5,0
loss_13q,13q,armSCNA,Loss,,,K243,THROMBUS_RV,subclonal,,private.to.primary,not_selected,F,84.0,Clear Cell,N,III,4.0,125,PBRM1-->SETD2,C4_Hi_ITH_Hi_WGII,Attenuated,0.49,13.5,0
loss_21q,21q,armSCNA,Loss,,,K243,THROMBUS_RV,subclonal,,private.to.primary,not_selected,F,84.0,Clear Cell,N,III,4.0,125,PBRM1-->SETD2,C4_Hi_ITH_Hi_WGII,Attenuated,0.49,13.5,0
gain_2p,2p,armSCNA,Gain,,,K243,THROMBUS_RV,subclonal,,private.to.primary,not_selected,F,84.0,Clear Cell,N,III,4.0,125,PBRM1-->SETD2,C4_Hi_ITH_Hi_WGII,Attenuated,0.49,13.5,0
gain_16p,16p,armSCNA,Gain,,,K243,THROMBUS_RV,subclonal,,private.to.primary,not_selected,F,84.0,Clear Cell,N,III,4.0,125,PBRM1-->SETD2,C4_Hi_ITH_Hi_WGII,Attenuated,0.49,13.5,0
gain_20q,20q,armSCNA,Gain,,,K243,THROMBUS_RV,subclonal,,private.to.primary,not_selected,F,84.0,Clear Cell,N,III,4.0,125,PBRM1-->SETD2,C4_Hi_ITH_Hi_WGII,Attenuated,0.49,13.5,0
loss_4q,4q,armSCNA,Loss,,,K243,THROMBUS_RV,subclonal,,private.to.primary,not_selected,F,84.0,Clear Cell,N,III,4.0,125,PBRM1-->SETD2,C4_Hi_ITH_Hi_WGII,Attenuated,0.49,13.5,0
loss_8,8,armSCNA,Loss,,,K243,THROMBUS_RV,subclonal,,private.to.primary,not_selected,F,84.0,Clear Cell,N,III,4.0,125,PBRM1-->SETD2,C4_Hi_ITH_Hi_WGII,Attenuated,0.49,13.5,0
gain_6q,6q,armSCNA,Gain,,,K243,THROMBUS_RV,subclonal,,private.to.primary,not_selected,F,84.0,Clear Cell,N,III,4.0,125,PBRM1-->SETD2,C4_Hi_ITH_Hi_WGII,Attenuated,0.49,13.5,0
gain_8,8,armSCNA,Gain,,,K243,THROMBUS_RV,subclonal,,private.to.primary,not_selected,F,84.0,Clear Cell,N,III,4.0,125,PBRM1-->SETD2,C4_Hi_ITH_Hi_WGII,Attenuated,0.49,13.5,0
gain_12,12,armSCNA,Gain,,,K243,THROMBUS_RV,subclonal,,private.to.primary,not_selected,F,84.0,Clear Cell,N,III,4.0,125,PBRM1-->SETD2,C4_Hi_ITH_Hi_WGII,Attenuated,0.49,13.5,0
gain_15q,15q,armSCNA,Gain,,,K243,THROMBUS_RV,subclonal,,private.to.primary,not_selected,F,84.0,Clear Cell,N,III,4.0,125,PBRM1-->SETD2,C4_Hi_ITH_Hi_WGII,Attenuated,0.49,13.5,0
gain_22q,22q,armSCNA,Gain,,,K243,THROMBUS_RV,subclonal,,private.to.primary,not_selected,F,84.0,Clear Cell,N,III,4.0,125,PBRM1-->SETD2,C4_Hi_ITH_Hi_WGII,Attenuated,0.49,13.5,0
loss_15q,15q,armSCNA,Loss,,,K243,THROMBUS_RV,subclonal,,private.to.primary,not_selected,F,84.0,Clear Cell,N,III,4.0,125,PBRM1-->SETD2,C4_Hi_ITH_Hi_WGII,Attenuated,0.49,13.5,0
loss_16p,16p,armSCNA,Loss,,,K243,THROMBUS_RV,subclonal,,private.to.primary,not_selected,F,84.0,Clear Cell,N,III,4.0,125,PBRM1-->SETD2,C4_Hi_ITH_Hi_WGII,Attenuated,0.49,13.5,0
loss_18,18,armSCNA,Loss,,,K243,THROMBUS_RV,subclonal,,private.to.primary,not_selected,F,84.0,Clear Cell,N,III,4.0,125,PBRM1-->SETD2,C4_Hi_ITH_Hi_WGII,Attenuated,0.49,13.5,0
loss_19q,19q,armSCNA,Loss,,,K243,THROMBUS_RV,subclonal,,private.to.primary,not_selected,F,84.0,Clear Cell,N,III,4.0,125,PBRM1-->SETD2,C4_Hi_ITH_Hi_WGII,Attenuated,0.49,13.5,0
loss_22q,22q,armSCNA,Loss,,,K243,THROMBUS_RV,subclonal,,private.to.primary,not_selected,F,84.0,Clear Cell,N,III,4.0,125,PBRM1-->SETD2,C4_Hi_ITH_Hi_WGII,Attenuated,0.49,13.5,0
gain_12,12,armSCNA,Gain,,,K250,THROMBUS_RV,subclonal,,private.to.primary,not_selected,M,51.0,Clear Cell,N,III,2.0,100,non_driver_subtype,C1_Lo_ITH_Lo_WGII,,0.34,0.71,0
loss_9,9,armSCNA,Loss,,,K250,THROMBUS_RV,subclonal,,private.to.primary,not_selected,M,51.0,Clear Cell,N,III,2.0,100,non_driver_subtype,C1_Lo_ITH_Lo_WGII,,0.34,0.71,0
gain_20q,20q,armSCNA,Gain,,,K250,THROMBUS_RV,subclonal,,private.to.primary,not_selected,M,51.0,Clear Cell,N,III,2.0,100,non_driver_subtype,C1_Lo_ITH_Lo_WGII,,0.34,0.71,0
loss_18,18,armSCNA,Loss,,,K250,THROMBUS_RV,subclonal,,private.to.primary,not_selected,M,51.0,Clear Cell,N,III,2.0,100,non_driver_subtype,C1_Lo_ITH_Lo_WGII,,0.34,0.71,0
loss_20p,20p,armSCNA,Loss,,,K250,THROMBUS_RV,subclonal,,private.to.primary,not_selected,M,51.0,Clear Cell,N,III,2.0,100,non_driver_subtype,C1_Lo_ITH_Lo_WGII,,0.34,0.71,0
gain_7,7,armSCNA,Gain,,,K250,THROMBUS_RV,subclonal,,private.to.primary,not_selected,M,51.0,Clear Cell,N,III,2.0,100,non_driver_subtype,C1_Lo_ITH_Lo_WGII,,0.34,0.71,0
loss_5,5,armSCNA,Loss,,,K250,THROMBUS_RV,subclonal,,private.to.primary,not_selected,M,51.0,Clear Cell,N,III,2.0,100,non_driver_subtype,C1_Lo_ITH_Lo_WGII,,0.34,0.71,0
loss_14q,14q,armSCNA,Loss,,,K255,THROMBUS_IVC,subclonal,,private.to.primary,not_selected,M,67.0,Clear Cell,N,III,3.0,85,VHL_wt,C1_Lo_ITH_Lo_WGII,,0.24,0.0,0
loss_3p,3p,armSCNA,Loss,,,K255,THROMBUS_IVC,subclonal,,private.to.primary,not_selected,M,67.0,Clear Cell,N,III,3.0,85,VHL_wt,C1_Lo_ITH_Lo_WGII,,0.24,0.0,0
loss_10p,10p,armSCNA,Loss,,,K255,THROMBUS_IVC,subclonal,,private.to.primary,not_selected,M,67.0,Clear Cell,N,III,3.0,85,VHL_wt,C1_Lo_ITH_Lo_WGII,,0.24,0.0,0
loss_22q,22q,armSCNA,Loss,,,K255,THROMBUS_IVC,subclonal,,private.to.primary,not_selected,M,67.0,Clear Cell,N,III,3.0,85,VHL_wt,C1_Lo_ITH_Lo_WGII,,0.24,0.0,0
gain_7p,7p,armSCNA,Gain,,,K276,THROMBUS_RV,subclonal,clonal,shared,selected,M,71.0,Clear Cell,N,IV,3.0,115,non_driver_subtype,C4_Hi_ITH_Hi_WGII,Attenuated,0.6,1.5,1
loss_10p,10p,armSCNA,Loss,,,K276,THROMBUS_RV,subclonal,,private.to.primary,not_selected,M,71.0,Clear Cell,N,IV,3.0,115,non_driver_subtype,C4_Hi_ITH_Hi_WGII,Attenuated,0.6,1.5,0
loss_18,18,armSCNA,Loss,,,K276,THROMBUS_RV,subclonal,,private.to.primary,not_selected,M,71.0,Clear Cell,N,IV,3.0,115,non_driver_subtype,C4_Hi_ITH_Hi_WGII,Attenuated,0.6,1.5,0
gain_7q,7q,armSCNA,Gain,,,K276,THROMBUS_RV,subclonal,,private.to.primary,not_selected,M,71.0,Clear Cell,N,IV,3.0,115,non_driver_subtype,C4_Hi_ITH_Hi_WGII,Attenuated,0.6,1.5,0
loss_1p,1p,armSCNA,Loss,,,K276,THROMBUS_RV,subclonal,,private.to.primary,not_selected,M,71.0,Clear Cell,N,IV,3.0,115,non_driver_subtype,C4_Hi_ITH_Hi_WGII,Attenuated,0.6,1.5,0
loss_10q,10q,armSCNA,Loss,,,K276,THROMBUS_RV,subclonal,,private.to.primary,not_selected,M,71.0,Clear Cell,N,IV,3.0,115,non_driver_subtype,C4_Hi_ITH_Hi_WGII,Attenuated,0.6,1.5,0
loss_21q,21q,armSCNA,Loss,,,K276,THROMBUS_RV,subclonal,,private.to.primary,not_selected,M,71.0,Clear Cell,N,IV,3.0,115,non_driver_subtype,C4_Hi_ITH_Hi_WGII,Attenuated,0.6,1.5,0
loss_11,11,armSCNA,Loss,,,K276,THROMBUS_RV,subclonal,,private.to.primary,not_selected,M,71.0,Clear Cell,N,IV,3.0,115,non_driver_subtype,C4_Hi_ITH_Hi_WGII,Attenuated,0.6,1.5,0
loss_17q,17q,armSCNA,Loss,,,K276,THROMBUS_RV,subclonal,,private.to.primary,not_selected,M,71.0,Clear Cell,N,IV,3.0,115,non_driver_subtype,C4_Hi_ITH_Hi_WGII,Attenuated,0.6,1.5,0
loss_19q,19q,armSCNA,Loss,,,K276,THROMBUS_RV,subclonal,,private.to.primary,not_selected,M,71.0,Clear Cell,N,IV,3.0,115,non_driver_subtype,C4_Hi_ITH_Hi_WGII,Attenuated,0.6,1.5,0
gain_12,12,armSCNA,Gain,,,K276,THROMBUS_RV,subclonal,,private.to.primary,not_selected,M,71.0,Clear Cell,N,IV,3.0,115,non_driver_subtype,C4_Hi_ITH_Hi_WGII,Attenuated,0.6,1.5,0
gain_20,20,armSCNA,Gain,,,K276,THROMBUS_RV,subclonal,,private.to.primary,not_selected,M,71.0,Clear Cell,N,IV,3.0,115,non_driver_subtype,C4_Hi_ITH_Hi_WGII,Attenuated,0.6,1.5,0
loss_8p,8p,armSCNA,Loss,,,K276,THROMBUS_RV,subclonal,,private.to.primary,not_selected,M,71.0,Clear Cell,N,IV,3.0,115,non_driver_subtype,C4_Hi_ITH_Hi_WGII,Attenuated,0.6,1.5,0
loss_19p,19p,armSCNA,Loss,,,K276,THROMBUS_RV,subclonal,,private.to.primary,not_selected,M,71.0,Clear Cell,N,IV,3.0,115,non_driver_subtype,C4_Hi_ITH_Hi_WGII,Attenuated,0.6,1.5,0
gain_2q,2q,armSCNA,Gain,,,K276,THROMBUS_RV,subclonal,,private.to.primary,not_selected,M,71.0,Clear Cell,N,IV,3.0,115,non_driver_subtype,C4_Hi_ITH_Hi_WGII,Attenuated,0.6,1.5,0
gain_3q,3q,armSCNA,Gain,,,K276,THROMBUS_RV,subclonal,,private.to.primary,not_selected,M,71.0,Clear Cell,N,IV,3.0,115,non_driver_subtype,C4_Hi_ITH_Hi_WGII,Attenuated,0.6,1.5,0
gain_8q,8q,armSCNA,Gain,,,K276,THROMBUS_RV,subclonal,,private.to.primary,not_selected,M,71.0,Clear Cell,N,IV,3.0,115,non_driver_subtype,C4_Hi_ITH_Hi_WGII,Attenuated,0.6,1.5,0
loss_1q,1q,armSCNA,Loss,,,K276,THROMBUS_RV,subclonal,,private.to.primary,not_selected,M,71.0,Clear Cell,N,IV,3.0,115,non_driver_subtype,C4_Hi_ITH_Hi_WGII,Attenuated,0.6,1.5,0
loss_15q,15q,armSCNA,Loss,,,K276,THROMBUS_RV,subclonal,,private.to.primary,not_selected,M,71.0,Clear Cell,N,IV,3.0,115,non_driver_subtype,C4_Hi_ITH_Hi_WGII,Attenuated,0.6,1.5,0
gain_16p,16p,armSCNA,Gain,,,K376,LN_PA,subclonal,clonal,shared,selected,F,59.0,Clear Cell,Y,IV,4.0,110,Multiple_Clonal_Drivers,C3_Lo_ITH_Hi_WGII,Rapid,0.46,0.0,1
loss_19p,19p,armSCNA,Loss,,,K376,LN_PA,subclonal,,private.to.primary,not_selected,F,59.0,Clear Cell,Y,IV,4.0,110,Multiple_Clonal_Drivers,C3_Lo_ITH_Hi_WGII,Rapid,0.46,0.0,0
loss_19q,19q,armSCNA,Loss,,,K376,ADRENAL_IL_D,subclonal,,private.to.primary,not_selected,F,59.0,Clear Cell,Y,IV,4.0,110,Multiple_Clonal_Drivers,C3_Lo_ITH_Hi_WGII,Rapid,0.46,0.0,0
loss_19q,19q,armSCNA,Loss,,,K376,LN_PA,subclonal,,private.to.primary,not_selected,F,59.0,Clear Cell,Y,IV,4.0,110,Multiple_Clonal_Drivers,C3_Lo_ITH_Hi_WGII,Rapid,0.46,0.0,0
loss_6p,6p,armSCNA,Loss,,,K379,RENAL_MET_CL,subclonal,,private.to.primary,not_selected,M,58.0,Clear Cell,N,IV,3.0,170,Multiple_Clonal_Drivers,C3_Lo_ITH_Hi_WGII,Attenuated,0.64,0.33,0
loss_19,19,armSCNA,Loss,,,K379,RENAL_MET_CL,subclonal,,private.to.primary,not_selected,M,58.0,Clear Cell,N,IV,3.0,170,Multiple_Clonal_Drivers,C3_Lo_ITH_Hi_WGII,Attenuated,0.64,0.33,0
loss_18q,18q,armSCNA,Loss,,,K390,THROMBUS_RV,subclonal,clonal,shared,selected,F,50.0,Clear Cell,N,IV,3.0,135,VHL_wt,C2_Hi_ITH_Lo_WGII,Rapid,0.2,1.33,1
loss_18q,18q,armSCNA,Loss,,,K390,LN_PC,subclonal,clonal,shared,selected,F,50.0,Clear Cell,N,IV,3.0,135,VHL_wt,C2_Hi_ITH_Lo_WGII,Rapid,0.2,1.33,1
loss_6,6,armSCNA,Loss,,,K390,THROMBUS_RV,subclonal,,private.to.primary,not_selected,F,50.0,Clear Cell,N,IV,3.0,135,VHL_wt,C2_Hi_ITH_Lo_WGII,Rapid,0.2,1.33,0
loss_6,6,armSCNA,Loss,,,K390,LN_PC,subclonal,clonal,shared,selected,F,50.0,Clear Cell,N,IV,3.0,135,VHL_wt,C2_Hi_ITH_Lo_WGII,Rapid,0.2,1.33,1
loss_9p,9p,armSCNA,Loss,,,K390,THROMBUS_RV,subclonal,,private.to.primary,not_selected,F,50.0,Clear Cell,N,IV,3.0,135,VHL_wt,C2_Hi_ITH_Lo_WGII,Rapid,0.2,1.33,0
loss_9p,9p,armSCNA,Loss,,,K390,LN_PC,subclonal,clonal,shared,selected,F,50.0,Clear Cell,N,IV,3.0,135,VHL_wt,C2_Hi_ITH_Lo_WGII,Rapid,0.2,1.33,1
loss_17p,17p,armSCNA,Loss,,,K390,THROMBUS_RV,subclonal,,private.to.primary,not_selected,F,50.0,Clear Cell,N,IV,3.0,135,VHL_wt,C2_Hi_ITH_Lo_WGII,Rapid,0.2,1.33,0
loss_17p,17p,armSCNA,Loss,,,K390,LN_PC,subclonal,clonal,shared,selected,F,50.0,Clear Cell,N,IV,3.0,135,VHL_wt,C2_Hi_ITH_Lo_WGII,Rapid,0.2,1.33,1
loss_9q,9q,armSCNA,Loss,,,K390,THROMBUS_RV,subclonal,,private.to.primary,not_selected,F,50.0,Clear Cell,N,IV,3.0,135,VHL_wt,C2_Hi_ITH_Lo_WGII,Rapid,0.2,1.33,0
loss_9q,9q,armSCNA,Loss,,,K390,LN_PC,subclonal,clonal,shared,selected,F,50.0,Clear Cell,N,IV,3.0,135,VHL_wt,C2_Hi_ITH_Lo_WGII,Rapid,0.2,1.33,1
loss_19p,19p,armSCNA,Loss,,,K390,THROMBUS_RV,subclonal,,private.to.primary,not_selected,F,50.0,Clear Cell,N,IV,3.0,135,VHL_wt,C2_Hi_ITH_Lo_WGII,Rapid,0.2,1.33,0
gain_17q,17q,armSCNA,Gain,,,K390,THROMBUS_RV,subclonal,,private.to.primary,not_selected,F,50.0,Clear Cell,N,IV,3.0,135,VHL_wt,C2_Hi_ITH_Lo_WGII,Rapid,0.2,1.33,0
gain_17q,17q,armSCNA,Gain,,,K390,LN_PC,subclonal,,private.to.primary,not_selected,F,50.0,Clear Cell,N,IV,3.0,135,VHL_wt,C2_Hi_ITH_Lo_WGII,Rapid,0.2,1.33,0
loss_16p,16p,armSCNA,Loss,,,K390,THROMBUS_RV,subclonal,,private.to.primary,not_selected,F,50.0,Clear Cell,N,IV,3.0,135,VHL_wt,C2_Hi_ITH_Lo_WGII,Rapid,0.2,1.33,0
loss_16p,16p,armSCNA,Loss,,,K390,LN_PC,subclonal,,private.to.primary,not_selected,F,50.0,Clear Cell,N,IV,3.0,135,VHL_wt,C2_Hi_ITH_Lo_WGII,Rapid,0.2,1.33,0
gain_5q,5q,armSCNA,Gain,,,K446,LN_PC,subclonal,clonal,shared,selected,M,58.0,Clear Cell,Y,IV,4.0,150,VHL_wt,C4_Hi_ITH_Hi_WGII,Rapid,0.97,1.14,1
gain_12p,12p,armSCNA,Gain,,,K446,LN_PC,subclonal,clonal,shared,selected,M,58.0,Clear Cell,Y,IV,4.0,150,VHL_wt,C4_Hi_ITH_Hi_WGII,Rapid,0.97,1.14,1
loss_6p,6p,armSCNA,Loss,,,K446,LN_PC,subclonal,clonal,shared,selected,M,58.0,Clear Cell,Y,IV,4.0,150,VHL_wt,C4_Hi_ITH_Hi_WGII,Rapid,0.97,1.14,1
gain_5p,5p,armSCNA,Gain,,,K446,LN_PC,subclonal,clonal,shared,selected,M,58.0,Clear Cell,Y,IV,4.0,150,VHL_wt,C4_Hi_ITH_Hi_WGII,Rapid,0.97,1.14,1
gain_8p,8p,armSCNA,Gain,,,K446,LN_PC,subclonal,clonal,shared,selected,M,58.0,Clear Cell,Y,IV,4.0,150,VHL_wt,C4_Hi_ITH_Hi_WGII,Rapid,0.97,1.14,1
gain_12q,12q,armSCNA,Gain,,,K446,LN_PC,subclonal,clonal,shared,selected,M,58.0,Clear Cell,Y,IV,4.0,150,VHL_wt,C4_Hi_ITH_Hi_WGII,Rapid,0.97,1.14,1
loss_6q,6q,armSCNA,Loss,,,K446,LN_PC,subclonal,clonal,shared,selected,M,58.0,Clear Cell,Y,IV,4.0,150,VHL_wt,C4_Hi_ITH_Hi_WGII,Rapid,0.97,1.14,1
gain_7q,7q,armSCNA,Gain,,,K446,LN_PC,subclonal,clonal,shared,selected,M,58.0,Clear Cell,Y,IV,4.0,150,VHL_wt,C4_Hi_ITH_Hi_WGII,Rapid,0.97,1.14,1
gain_18p,18p,armSCNA,Gain,,,K446,LN_PC,subclonal,,private.to.primary,not_selected,M,58.0,Clear Cell,Y,IV,4.0,150,VHL_wt,C4_Hi_ITH_Hi_WGII,Rapid,0.97,1.14,0
gain_19q,19q,armSCNA,Gain,,,K446,LN_PC,subclonal,,private.to.primary,not_selected,M,58.0,Clear Cell,Y,IV,4.0,150,VHL_wt,C4_Hi_ITH_Hi_WGII,Rapid,0.97,1.14,0
loss_2p,2p,armSCNA,Loss,,,K446,LN_PC,subclonal,,private.to.primary,not_selected,M,58.0,Clear Cell,Y,IV,4.0,150,VHL_wt,C4_Hi_ITH_Hi_WGII,Rapid,0.97,1.14,0
loss_3q,3q,armSCNA,Loss,,,K446,LN_PC,subclonal,,private.to.primary,not_selected,M,58.0,Clear Cell,Y,IV,4.0,150,VHL_wt,C4_Hi_ITH_Hi_WGII,Rapid,0.97,1.14,0
loss_15q,15q,armSCNA,Loss,,,K446,LN_PC,subclonal,,private.to.primary,not_selected,M,58.0,Clear Cell,Y,IV,4.0,150,VHL_wt,C4_Hi_ITH_Hi_WGII,Rapid,0.97,1.14,0
gain_22q,22q,armSCNA,Gain,,,K446,LN_PC,subclonal,,private.to.primary,not_selected,M,58.0,Clear Cell,Y,IV,4.0,150,VHL_wt,C4_Hi_ITH_Hi_WGII,Rapid,0.97,1.14,0
gain_21q,21q,armSCNA,Gain,,,K446,LN_PC,subclonal,,private.to.primary,not_selected,M,58.0,Clear Cell,Y,IV,4.0,150,VHL_wt,C4_Hi_ITH_Hi_WGII,Rapid,0.97,1.14,0
loss_7q,7q,armSCNA,Loss,,,K446,LN_PC,subclonal,,private.to.primary,not_selected,M,58.0,Clear Cell,Y,IV,4.0,150,VHL_wt,C4_Hi_ITH_Hi_WGII,Rapid,0.97,1.14,0
loss_10p,10p,armSCNA,Loss,,,K446,LN_PC,subclonal,,private.to.primary,not_selected,M,58.0,Clear Cell,Y,IV,4.0,150,VHL_wt,C4_Hi_ITH_Hi_WGII,Rapid,0.97,1.14,0
loss_13q,13q,armSCNA,Loss,,,K446,LN_PC,subclonal,,private.to.primary,not_selected,M,58.0,Clear Cell,Y,IV,4.0,150,VHL_wt,C4_Hi_ITH_Hi_WGII,Rapid,0.97,1.14,0
gain_19p,19p,armSCNA,Gain,,,K446,LN_PC,subclonal,,private.to.primary,not_selected,M,58.0,Clear Cell,Y,IV,4.0,150,VHL_wt,C4_Hi_ITH_Hi_WGII,Rapid,0.97,1.14,0
loss_10q,10q,armSCNA,Loss,,,K446,LN_PC,subclonal,,private.to.primary,not_selected,M,58.0,Clear Cell,Y,IV,4.0,150,VHL_wt,C4_Hi_ITH_Hi_WGII,Rapid,0.97,1.14,0
gain_15q,15q,armSCNA,Gain,,,K446,LN_PC,subclonal,,private.to.primary,not_selected,M,58.0,Clear Cell,Y,IV,4.0,150,VHL_wt,C4_Hi_ITH_Hi_WGII,Rapid,0.97,1.14,0
loss_8p,8p,armSCNA,Loss,,,K446,LN_PC,subclonal,,private.to.primary,not_selected,M,58.0,Clear Cell,Y,IV,4.0,150,VHL_wt,C4_Hi_ITH_Hi_WGII,Rapid,0.97,1.14,0
loss_19p,19p,armSCNA,Loss,,,K446,LN_PC,subclonal,,private.to.primary,not_selected,M,58.0,Clear Cell,Y,IV,4.0,150,VHL_wt,C4_Hi_ITH_Hi_WGII,Rapid,0.97,1.14,0
loss_19p,19p,armSCNA,Loss,,,K520,ADRENAL_IL,subclonal,clonal,shared,selected,F,72.0,Clear Cell,N,IV,3.0,120,PBRM1-->PI3K,C4_Hi_ITH_Hi_WGII,Attenuated,0.39,2.25,1
loss_17p,17p,armSCNA,Loss,,,K520,ADRENAL_IL,subclonal,clonal,shared,selected,F,72.0,Clear Cell,N,IV,3.0,120,PBRM1-->PI3K,C4_Hi_ITH_Hi_WGII,Attenuated,0.39,2.25,1
loss_17p,17p,armSCNA,Loss,,,K520,ADRENAL_IL_1,subclonal,,private.to.primary,not_selected,F,72.0,Clear Cell,N,IV,3.0,120,PBRM1-->PI3K,C4_Hi_ITH_Hi_WGII,Attenuated,0.39,2.25,0
loss_17q,17q,armSCNA,Loss,,,K520,ADRENAL_IL,subclonal,clonal,shared,selected,F,72.0,Clear Cell,N,IV,3.0,120,PBRM1-->PI3K,C4_Hi_ITH_Hi_WGII,Attenuated,0.39,2.25,1
loss_17q,17q,armSCNA,Loss,,,K520,ADRENAL_IL_1,subclonal,,private.to.primary,not_selected,F,72.0,Clear Cell,N,IV,3.0,120,PBRM1-->PI3K,C4_Hi_ITH_Hi_WGII,Attenuated,0.39,2.25,0
loss_19q,19q,armSCNA,Loss,,,K520,ADRENAL_IL,subclonal,clonal,shared,selected,F,72.0,Clear Cell,N,IV,3.0,120,PBRM1-->PI3K,C4_Hi_ITH_Hi_WGII,Attenuated,0.39,2.25,1
loss_19q,19q,armSCNA,Loss,,,K520,ADRENAL_IL_1,subclonal,,private.to.primary,not_selected,F,72.0,Clear Cell,N,IV,3.0,120,PBRM1-->PI3K,C4_Hi_ITH_Hi_WGII,Attenuated,0.39,2.25,0
loss_14q,14q,armSCNA,Loss,,,K520,ADRENAL_IL,subclonal,clonal,shared,selected,F,72.0,Clear Cell,N,IV,3.0,120,PBRM1-->PI3K,C4_Hi_ITH_Hi_WGII,Attenuated,0.39,2.25,1
loss_14q,14q,armSCNA,Loss,,,K520,ADRENAL_IL_1,subclonal,,private.to.primary,not_selected,F,72.0,Clear Cell,N,IV,3.0,120,PBRM1-->PI3K,C4_Hi_ITH_Hi_WGII,Attenuated,0.39,2.25,0
loss_6p,6p,armSCNA,Loss,,,K520,ADRENAL_IL,subclonal,clonal,shared,selected,F,72.0,Clear Cell,N,IV,3.0,120,PBRM1-->PI3K,C4_Hi_ITH_Hi_WGII,Attenuated,0.39,2.25,1
loss_6p,6p,armSCNA,Loss,,,K520,ADRENAL_IL_1,subclonal,,private.to.primary,not_selected,F,72.0,Clear Cell,N,IV,3.0,120,PBRM1-->PI3K,C4_Hi_ITH_Hi_WGII,Attenuated,0.39,2.25,0
loss_9,9,armSCNA,Loss,,,K520,ADRENAL_IL,subclonal,clonal,shared,selected,F,72.0,Clear Cell,N,IV,3.0,120,PBRM1-->PI3K,C4_Hi_ITH_Hi_WGII,Attenuated,0.39,2.25,1
loss_9,9,armSCNA,Loss,,,K520,ADRENAL_IL_1,subclonal,,private.to.primary,not_selected,F,72.0,Clear Cell,N,IV,3.0,120,PBRM1-->PI3K,C4_Hi_ITH_Hi_WGII,Attenuated,0.39,2.25,0
loss_12q,12q,armSCNA,Loss,,,K520,ADRENAL_IL_1,subclonal,,private.to.primary,not_selected,F,72.0,Clear Cell,N,IV,3.0,120,PBRM1-->PI3K,C4_Hi_ITH_Hi_WGII,Attenuated,0.39,2.25,0
loss_22q,22q,armSCNA,Loss,,,K520,ADRENAL_IL,subclonal,,private.to.primary,not_selected,F,72.0,Clear Cell,N,IV,3.0,120,PBRM1-->PI3K,C4_Hi_ITH_Hi_WGII,Attenuated,0.39,2.25,0
loss_22q,22q,armSCNA,Loss,,,K520,ADRENAL_IL_1,subclonal,,private.to.primary,not_selected,F,72.0,Clear Cell,N,IV,3.0,120,PBRM1-->PI3K,C4_Hi_ITH_Hi_WGII,Attenuated,0.39,2.25,0
loss_15q,15q,armSCNA,Loss,,,K520,ADRENAL_IL,subclonal,,private.to.primary,not_selected,F,72.0,Clear Cell,N,IV,3.0,120,PBRM1-->PI3K,C4_Hi_ITH_Hi_WGII,Attenuated,0.39,2.25,0
loss_15q,15q,armSCNA,Loss,,,K520,ADRENAL_IL_1,subclonal,,private.to.primary,not_selected,F,72.0,Clear Cell,N,IV,3.0,120,PBRM1-->PI3K,C4_Hi_ITH_Hi_WGII,Attenuated,0.39,2.25,0
loss_16p,16p,armSCNA,Loss,,,K520,ADRENAL_IL,subclonal,,private.to.primary,not_selected,F,72.0,Clear Cell,N,IV,3.0,120,PBRM1-->PI3K,C4_Hi_ITH_Hi_WGII,Attenuated,0.39,2.25,0
loss_16p,16p,armSCNA,Loss,,,K520,ADRENAL_IL_1,subclonal,,private.to.primary,not_selected,F,72.0,Clear Cell,N,IV,3.0,120,PBRM1-->PI3K,C4_Hi_ITH_Hi_WGII,Attenuated,0.39,2.25,0
loss_20q,20q,armSCNA,Loss,,,K520,ADRENAL_IL,subclonal,,private.to.primary,not_selected,F,72.0,Clear Cell,N,IV,3.0,120,PBRM1-->PI3K,C4_Hi_ITH_Hi_WGII,Attenuated,0.39,2.25,0
loss_20q,20q,armSCNA,Loss,,,K520,ADRENAL_IL_1,subclonal,,private.to.primary,not_selected,F,72.0,Clear Cell,N,IV,3.0,120,PBRM1-->PI3K,C4_Hi_ITH_Hi_WGII,Attenuated,0.39,2.25,0
gain_7,7,armSCNA,Gain,,,K520,ADRENAL_IL,subclonal,,private.to.primary,not_selected,F,72.0,Clear Cell,N,IV,3.0,120,PBRM1-->PI3K,C4_Hi_ITH_Hi_WGII,Attenuated,0.39,2.25,0
gain_7,7,armSCNA,Gain,,,K520,ADRENAL_IL_1,subclonal,,private.to.primary,not_selected,F,72.0,Clear Cell,N,IV,3.0,120,PBRM1-->PI3K,C4_Hi_ITH_Hi_WGII,Attenuated,0.39,2.25,0
loss_10p,10p,armSCNA,Loss,,,K520,ADRENAL_IL,subclonal,,private.to.primary,not_selected,F,72.0,Clear Cell,N,IV,3.0,120,PBRM1-->PI3K,C4_Hi_ITH_Hi_WGII,Attenuated,0.39,2.25,0
loss_10p,10p,armSCNA,Loss,,,K520,ADRENAL_IL_1,subclonal,,private.to.primary,not_selected,F,72.0,Clear Cell,N,IV,3.0,120,PBRM1-->PI3K,C4_Hi_ITH_Hi_WGII,Attenuated,0.39,2.25,0
loss_16q,16q,armSCNA,Loss,,,K520,ADRENAL_IL,subclonal,,private.to.primary,not_selected,F,72.0,Clear Cell,N,IV,3.0,120,PBRM1-->PI3K,C4_Hi_ITH_Hi_WGII,Attenuated,0.39,2.25,0
loss_16q,16q,armSCNA,Loss,,,K520,ADRENAL_IL_1,subclonal,,private.to.primary,not_selected,F,72.0,Clear Cell,N,IV,3.0,120,PBRM1-->PI3K,C4_Hi_ITH_Hi_WGII,Attenuated,0.39,2.25,0
loss_18p,18p,armSCNA,Loss,,,K520,ADRENAL_IL,subclonal,,private.to.primary,not_selected,F,72.0,Clear Cell,N,IV,3.0,120,PBRM1-->PI3K,C4_Hi_ITH_Hi_WGII,Attenuated,0.39,2.25,0
loss_18p,18p,armSCNA,Loss,,,K520,ADRENAL_IL_1,subclonal,,private.to.primary,not_selected,F,72.0,Clear Cell,N,IV,3.0,120,PBRM1-->PI3K,C4_Hi_ITH_Hi_WGII,Attenuated,0.39,2.25,0
loss_14q,14q,armSCNA,Loss,,,K029,BONE_SPINE,subclonal,clonal,shared,selected,M,54.0,Clear Cell,N,IV,3.0,75,PBRM1-->PI3K,C2_Hi_ITH_Lo_WGII,Attenuated,0.32,3.67,1
loss_14q,14q,armSCNA,Loss,,,K029,BONE_RIB,subclonal,clonal,shared,selected,M,54.0,Clear Cell,N,IV,3.0,75,PBRM1-->PI3K,C2_Hi_ITH_Lo_WGII,Attenuated,0.32,3.67,1
loss_14q,14q,armSCNA,Loss,,,K029,BONE_SPINE_1,subclonal,,private.to.primary,not_selected,M,54.0,Clear Cell,N,IV,3.0,75,PBRM1-->PI3K,C2_Hi_ITH_Lo_WGII,Attenuated,0.32,3.67,0
gain_7q,7q,armSCNA,Gain,,,K029,BONE_SPINE,subclonal,clonal,shared,selected,M,54.0,Clear Cell,N,IV,3.0,75,PBRM1-->PI3K,C2_Hi_ITH_Lo_WGII,Attenuated,0.32,3.67,1
gain_7q,7q,armSCNA,Gain,,,K029,BONE_RIB,subclonal,clonal,shared,selected,M,54.0,Clear Cell,N,IV,3.0,75,PBRM1-->PI3K,C2_Hi_ITH_Lo_WGII,Attenuated,0.32,3.67,1
gain_7q,7q,armSCNA,Gain,,,K029,BONE_SPINE_1,subclonal,clonal,shared,selected,M,54.0,Clear Cell,N,IV,3.0,75,PBRM1-->PI3K,C2_Hi_ITH_Lo_WGII,Attenuated,0.32,3.67,1
gain_7p,7p,armSCNA,Gain,,,K029,BONE_SPINE,subclonal,clonal,shared,selected,M,54.0,Clear Cell,N,IV,3.0,75,PBRM1-->PI3K,C2_Hi_ITH_Lo_WGII,Attenuated,0.32,3.67,1
gain_7p,7p,armSCNA,Gain,,,K029,BONE_RIB,subclonal,,private.to.primary,not_selected,M,54.0,Clear Cell,N,IV,3.0,75,PBRM1-->PI3K,C2_Hi_ITH_Lo_WGII,Attenuated,0.32,3.67,0
gain_7p,7p,armSCNA,Gain,,,K029,BONE_SPINE_1,subclonal,,private.to.primary,not_selected,M,54.0,Clear Cell,N,IV,3.0,75,PBRM1-->PI3K,C2_Hi_ITH_Lo_WGII,Attenuated,0.32,3.67,0
loss_9,9,armSCNA,Loss,,,K029,BONE_SPINE,subclonal,clonal,shared,selected,M,54.0,Clear Cell,N,IV,3.0,75,PBRM1-->PI3K,C2_Hi_ITH_Lo_WGII,Attenuated,0.32,3.67,1
loss_9,9,armSCNA,Loss,,,K029,BONE_RIB,subclonal,,private.to.primary,not_selected,M,54.0,Clear Cell,N,IV,3.0,75,PBRM1-->PI3K,C2_Hi_ITH_Lo_WGII,Attenuated,0.32,3.67,0
loss_9,9,armSCNA,Loss,,,K029,BONE_SPINE_1,subclonal,,private.to.primary,not_selected,M,54.0,Clear Cell,N,IV,3.0,75,PBRM1-->PI3K,C2_Hi_ITH_Lo_WGII,Attenuated,0.32,3.67,0
gain_1q,1q,armSCNA,Gain,,,K029,BONE_SPINE,subclonal,,private.to.primary,not_selected,M,54.0,Clear Cell,N,IV,3.0,75,PBRM1-->PI3K,C2_Hi_ITH_Lo_WGII,Attenuated,0.32,3.67,0
gain_1q,1q,armSCNA,Gain,,,K029,BONE_RIB,subclonal,clonal,shared,selected,M,54.0,Clear Cell,N,IV,3.0,75,PBRM1-->PI3K,C2_Hi_ITH_Lo_WGII,Attenuated,0.32,3.67,1
gain_1q,1q,armSCNA,Gain,,,K029,BONE_SPINE_1,subclonal,,private.to.primary,not_selected,M,54.0,Clear Cell,N,IV,3.0,75,PBRM1-->PI3K,C2_Hi_ITH_Lo_WGII,Attenuated,0.32,3.67,0
gain_5p,5p,armSCNA,Gain,,,K029,BONE_SPINE,subclonal,clonal,shared,selected,M,54.0,Clear Cell,N,IV,3.0,75,PBRM1-->PI3K,C2_Hi_ITH_Lo_WGII,Attenuated,0.32,3.67,1
gain_5p,5p,armSCNA,Gain,,,K029,BONE_RIB,subclonal,,private.to.primary,not_selected,M,54.0,Clear Cell,N,IV,3.0,75,PBRM1-->PI3K,C2_Hi_ITH_Lo_WGII,Attenuated,0.32,3.67,0
gain_5p,5p,armSCNA,Gain,,,K029,BONE_SPINE_1,subclonal,,private.to.primary,not_selected,M,54.0,Clear Cell,N,IV,3.0,75,PBRM1-->PI3K,C2_Hi_ITH_Lo_WGII,Attenuated,0.32,3.67,0
loss_6q,6q,armSCNA,Loss,,,K029,BONE_SPINE,subclonal,clonal,shared,selected,M,54.0,Clear Cell,N,IV,3.0,75,PBRM1-->PI3K,C2_Hi_ITH_Lo_WGII,Attenuated,0.32,3.67,1
loss_6q,6q,armSCNA,Loss,,,K029,BONE_RIB,subclonal,,private.to.primary,not_selected,M,54.0,Clear Cell,N,IV,3.0,75,PBRM1-->PI3K,C2_Hi_ITH_Lo_WGII,Attenuated,0.32,3.67,0
loss_6q,6q,armSCNA,Loss,,,K029,BONE_SPINE_1,subclonal,clonal,shared,selected,M,54.0,Clear Cell,N,IV,3.0,75,PBRM1-->PI3K,C2_Hi_ITH_Lo_WGII,Attenuated,0.32,3.67,1
loss_17p,17p,armSCNA,Loss,,,K029,BONE_SPINE,subclonal,clonal,shared,selected,M,54.0,Clear Cell,N,IV,3.0,75,PBRM1-->PI3K,C2_Hi_ITH_Lo_WGII,Attenuated,0.32,3.67,1
loss_17p,17p,armSCNA,Loss,,,K029,BONE_RIB,subclonal,clonal,shared,selected,M,54.0,Clear Cell,N,IV,3.0,75,PBRM1-->PI3K,C2_Hi_ITH_Lo_WGII,Attenuated,0.32,3.67,1
loss_17p,17p,armSCNA,Loss,,,K029,BONE_SPINE_1,subclonal,clonal,shared,selected,M,54.0,Clear Cell,N,IV,3.0,75,PBRM1-->PI3K,C2_Hi_ITH_Lo_WGII,Attenuated,0.32,3.67,1
loss_6p,6p,armSCNA,Loss,,,K029,BONE_SPINE,subclonal,clonal,shared,selected,M,54.0,Clear Cell,N,IV,3.0,75,PBRM1-->PI3K,C2_Hi_ITH_Lo_WGII,Attenuated,0.32,3.67,1
loss_6p,6p,armSCNA,Loss,,,K029,BONE_RIB,subclonal,,private.to.primary,not_selected,M,54.0,Clear Cell,N,IV,3.0,75,PBRM1-->PI3K,C2_Hi_ITH_Lo_WGII,Attenuated,0.32,3.67,0
loss_6p,6p,armSCNA,Loss,,,K029,BONE_SPINE_1,subclonal,,private.to.primary,not_selected,M,54.0,Clear Cell,N,IV,3.0,75,PBRM1-->PI3K,C2_Hi_ITH_Lo_WGII,Attenuated,0.32,3.67,0
gain_20,20,armSCNA,Gain,,,K029,BONE_SPINE,subclonal,clonal,shared,selected,M,54.0,Clear Cell,N,IV,3.0,75,PBRM1-->PI3K,C2_Hi_ITH_Lo_WGII,Attenuated,0.32,3.67,1
gain_20,20,armSCNA,Gain,,,K029,BONE_RIB,subclonal,,private.to.primary,not_selected,M,54.0,Clear Cell,N,IV,3.0,75,PBRM1-->PI3K,C2_Hi_ITH_Lo_WGII,Attenuated,0.32,3.67,0
gain_20,20,armSCNA,Gain,,,K029,BONE_SPINE_1,subclonal,,private.to.primary,not_selected,M,54.0,Clear Cell,N,IV,3.0,75,PBRM1-->PI3K,C2_Hi_ITH_Lo_WGII,Attenuated,0.32,3.67,0
loss_17q,17q,armSCNA,Loss,,,K029,BONE_SPINE,subclonal,clonal,shared,selected,M,54.0,Clear Cell,N,IV,3.0,75,PBRM1-->PI3K,C2_Hi_ITH_Lo_WGII,Attenuated,0.32,3.67,1
loss_17q,17q,armSCNA,Loss,,,K029,BONE_RIB,subclonal,,private.to.primary,not_selected,M,54.0,Clear Cell,N,IV,3.0,75,PBRM1-->PI3K,C2_Hi_ITH_Lo_WGII,Attenuated,0.32,3.67,0
loss_17q,17q,armSCNA,Loss,,,K029,BONE_SPINE_1,subclonal,,private.to.primary,not_selected,M,54.0,Clear Cell,N,IV,3.0,75,PBRM1-->PI3K,C2_Hi_ITH_Lo_WGII,Attenuated,0.32,3.67,0
loss_4,4,armSCNA,Loss,,,K029,BONE_SPINE,subclonal,,private.to.primary,not_selected,M,54.0,Clear Cell,N,IV,3.0,75,PBRM1-->PI3K,C2_Hi_ITH_Lo_WGII,Attenuated,0.32,3.67,0
loss_4,4,armSCNA,Loss,,,K029,BONE_RIB,subclonal,,private.to.primary,not_selected,M,54.0,Clear Cell,N,IV,3.0,75,PBRM1-->PI3K,C2_Hi_ITH_Lo_WGII,Attenuated,0.32,3.67,0
loss_4,4,armSCNA,Loss,,,K029,BONE_SPINE_1,subclonal,,private.to.primary,not_selected,M,54.0,Clear Cell,N,IV,3.0,75,PBRM1-->PI3K,C2_Hi_ITH_Lo_WGII,Attenuated,0.32,3.67,0
gain_21q,21q,armSCNA,Gain,,,K029,BONE_SPINE,subclonal,,private.to.primary,not_selected,M,54.0,Clear Cell,N,IV,3.0,75,PBRM1-->PI3K,C2_Hi_ITH_Lo_WGII,Attenuated,0.32,3.67,0
gain_21q,21q,armSCNA,Gain,,,K029,BONE_RIB,subclonal,,private.to.primary,not_selected,M,54.0,Clear Cell,N,IV,3.0,75,PBRM1-->PI3K,C2_Hi_ITH_Lo_WGII,Attenuated,0.32,3.67,0
gain_21q,21q,armSCNA,Gain,,,K029,BONE_SPINE_1,subclonal,,private.to.primary,not_selected,M,54.0,Clear Cell,N,IV,3.0,75,PBRM1-->PI3K,C2_Hi_ITH_Lo_WGII,Attenuated,0.32,3.67,0
loss_1p,1p,armSCNA,Loss,,,K066,PERI-RENAL,subclonal,clonal,shared,selected,M,66.0,Clear Cell,N,IV,4.0,85,non_driver_subtype,C3_Lo_ITH_Hi_WGII,Rapid,0.83,1.0,1
loss_1p,1p,armSCNA,Loss,,,K066,PERI-NEPHRIC_FAT,subclonal,,private.to.primary,not_selected,M,66.0,Clear Cell,N,IV,4.0,85,non_driver_subtype,C3_Lo_ITH_Hi_WGII,Rapid,0.83,1.0,0
loss_10,10,armSCNA,Loss,,,K066,PERI-RENAL,subclonal,,private.to.primary,not_selected,M,66.0,Clear Cell,N,IV,4.0,85,non_driver_subtype,C3_Lo_ITH_Hi_WGII,Rapid,0.83,1.0,0
loss_10,10,armSCNA,Loss,,,K066,PERI-NEPHRIC_FAT,subclonal,clonal,shared,selected,M,66.0,Clear Cell,N,IV,4.0,85,non_driver_subtype,C3_Lo_ITH_Hi_WGII,Rapid,0.83,1.0,1
loss_13q,13q,armSCNA,Loss,,,K066,PERI-RENAL,subclonal,clonal,shared,selected,M,66.0,Clear Cell,N,IV,4.0,85,non_driver_subtype,C3_Lo_ITH_Hi_WGII,Rapid,0.83,1.0,1
loss_13q,13q,armSCNA,Loss,,,K066,PERI-NEPHRIC_FAT,subclonal,,private.to.primary,not_selected,M,66.0,Clear Cell,N,IV,4.0,85,non_driver_subtype,C3_Lo_ITH_Hi_WGII,Rapid,0.83,1.0,0
loss_14q,14q,armSCNA,Loss,,,K066,PERI-RENAL,subclonal,,private.to.primary,not_selected,M,66.0,Clear Cell,N,IV,4.0,85,non_driver_subtype,C3_Lo_ITH_Hi_WGII,Rapid,0.83,1.0,0
loss_14q,14q,armSCNA,Loss,,,K066,PERI-NEPHRIC_FAT,subclonal,clonal,shared,selected,M,66.0,Clear Cell,N,IV,4.0,85,non_driver_subtype,C3_Lo_ITH_Hi_WGII,Rapid,0.83,1.0,1
loss_16p,16p,armSCNA,Loss,,,K066,PERI-RENAL,subclonal,clonal,shared,selected,M,66.0,Clear Cell,N,IV,4.0,85,non_driver_subtype,C3_Lo_ITH_Hi_WGII,Rapid,0.83,1.0,1
loss_16p,16p,armSCNA,Loss,,,K066,PERI-NEPHRIC_FAT,subclonal,,private.to.primary,not_selected,M,66.0,Clear Cell,N,IV,4.0,85,non_driver_subtype,C3_Lo_ITH_Hi_WGII,Rapid,0.83,1.0,0
loss_17q,17q,armSCNA,Loss,,,K066,PERI-RENAL,subclonal,,private.to.primary,not_selected,M,66.0,Clear Cell,N,IV,4.0,85,non_driver_subtype,C3_Lo_ITH_Hi_WGII,Rapid,0.83,1.0,0
loss_17q,17q,armSCNA,Loss,,,K066,PERI-NEPHRIC_FAT,subclonal,,private.to.primary,not_selected,M,66.0,Clear Cell,N,IV,4.0,85,non_driver_subtype,C3_Lo_ITH_Hi_WGII,Rapid,0.83,1.0,0
gain_1q,1q,armSCNA,Gain,,,K066,PERI-RENAL,subclonal,,private.to.primary,not_selected,M,66.0,Clear Cell,N,IV,4.0,85,non_driver_subtype,C3_Lo_ITH_Hi_WGII,Rapid,0.83,1.0,0
gain_1q,1q,armSCNA,Gain,,,K066,PERI-NEPHRIC_FAT,subclonal,,private.to.primary,not_selected,M,66.0,Clear Cell,N,IV,4.0,85,non_driver_subtype,C3_Lo_ITH_Hi_WGII,Rapid,0.83,1.0,0
gain_3q,3q,armSCNA,Gain,,,K066,PERI-RENAL,subclonal,,private.to.primary,not_selected,M,66.0,Clear Cell,N,IV,4.0,85,non_driver_subtype,C3_Lo_ITH_Hi_WGII,Rapid,0.83,1.0,0
gain_3q,3q,armSCNA,Gain,,,K066,PERI-NEPHRIC_FAT,subclonal,,private.to.primary,not_selected,M,66.0,Clear Cell,N,IV,4.0,85,non_driver_subtype,C3_Lo_ITH_Hi_WGII,Rapid,0.83,1.0,0
gain_7,7,armSCNA,Gain,,,K066,PERI-RENAL,subclonal,,private.to.primary,not_selected,M,66.0,Clear Cell,N,IV,4.0,85,non_driver_subtype,C3_Lo_ITH_Hi_WGII,Rapid,0.83,1.0,0
gain_7,7,armSCNA,Gain,,,K066,PERI-NEPHRIC_FAT,subclonal,,private.to.primary,not_selected,M,66.0,Clear Cell,N,IV,4.0,85,non_driver_subtype,C3_Lo_ITH_Hi_WGII,Rapid,0.83,1.0,0
gain_11,11,armSCNA,Gain,,,K066,PERI-RENAL,subclonal,,private.to.primary,not_selected,M,66.0,Clear Cell,N,IV,4.0,85,non_driver_subtype,C3_Lo_ITH_Hi_WGII,Rapid,0.83,1.0,0
gain_11,11,armSCNA,Gain,,,K066,PERI-NEPHRIC_FAT,subclonal,,private.to.primary,not_selected,M,66.0,Clear Cell,N,IV,4.0,85,non_driver_subtype,C3_Lo_ITH_Hi_WGII,Rapid,0.83,1.0,0
gain_12q,12q,armSCNA,Gain,,,K066,PERI-RENAL,subclonal,,private.to.primary,not_selected,M,66.0,Clear Cell,N,IV,4.0,85,non_driver_subtype,C3_Lo_ITH_Hi_WGII,Rapid,0.83,1.0,0
gain_12q,12q,armSCNA,Gain,,,K066,PERI-NEPHRIC_FAT,subclonal,,private.to.primary,not_selected,M,66.0,Clear Cell,N,IV,4.0,85,non_driver_subtype,C3_Lo_ITH_Hi_WGII,Rapid,0.83,1.0,0
gain_14q,14q,armSCNA,Gain,,,K066,PERI-RENAL,subclonal,,private.to.primary,not_selected,M,66.0,Clear Cell,N,IV,4.0,85,non_driver_subtype,C3_Lo_ITH_Hi_WGII,Rapid,0.83,1.0,0
gain_14q,14q,armSCNA,Gain,,,K066,PERI-NEPHRIC_FAT,subclonal,,private.to.primary,not_selected,M,66.0,Clear Cell,N,IV,4.0,85,non_driver_subtype,C3_Lo_ITH_Hi_WGII,Rapid,0.83,1.0,0
gain_15q,15q,armSCNA,Gain,,,K066,PERI-RENAL,subclonal,,private.to.primary,not_selected,M,66.0,Clear Cell,N,IV,4.0,85,non_driver_subtype,C3_Lo_ITH_Hi_WGII,Rapid,0.83,1.0,0
gain_15q,15q,armSCNA,Gain,,,K066,PERI-NEPHRIC_FAT,subclonal,,private.to.primary,not_selected,M,66.0,Clear Cell,N,IV,4.0,85,non_driver_subtype,C3_Lo_ITH_Hi_WGII,Rapid,0.83,1.0,0
gain_16,16,armSCNA,Gain,,,K066,PERI-RENAL,subclonal,,private.to.primary,not_selected,M,66.0,Clear Cell,N,IV,4.0,85,non_driver_subtype,C3_Lo_ITH_Hi_WGII,Rapid,0.83,1.0,0
gain_16,16,armSCNA,Gain,,,K066,PERI-NEPHRIC_FAT,subclonal,,private.to.primary,not_selected,M,66.0,Clear Cell,N,IV,4.0,85,non_driver_subtype,C3_Lo_ITH_Hi_WGII,Rapid,0.83,1.0,0
gain_20,20,armSCNA,Gain,,,K066,PERI-RENAL,subclonal,,private.to.primary,not_selected,M,66.0,Clear Cell,N,IV,4.0,85,non_driver_subtype,C3_Lo_ITH_Hi_WGII,Rapid,0.83,1.0,0
gain_20,20,armSCNA,Gain,,,K066,PERI-NEPHRIC_FAT,subclonal,,private.to.primary,not_selected,M,66.0,Clear Cell,N,IV,4.0,85,non_driver_subtype,C3_Lo_ITH_Hi_WGII,Rapid,0.83,1.0,0
gain_21q,21q,armSCNA,Gain,,,K066,PERI-RENAL,subclonal,,private.to.primary,not_selected,M,66.0,Clear Cell,N,IV,4.0,85,non_driver_subtype,C3_Lo_ITH_Hi_WGII,Rapid,0.83,1.0,0
gain_21q,21q,armSCNA,Gain,,,K066,PERI-NEPHRIC_FAT,subclonal,,private.to.primary,not_selected,M,66.0,Clear Cell,N,IV,4.0,85,non_driver_subtype,C3_Lo_ITH_Hi_WGII,Rapid,0.83,1.0,0
loss_12p,12p,armSCNA,Loss,,,K066,PERI-RENAL,subclonal,,private.to.primary,not_selected,M,66.0,Clear Cell,N,IV,4.0,85,non_driver_subtype,C3_Lo_ITH_Hi_WGII,Rapid,0.83,1.0,0
loss_12p,12p,armSCNA,Loss,,,K066,PERI-NEPHRIC_FAT,subclonal,,private.to.primary,not_selected,M,66.0,Clear Cell,N,IV,4.0,85,non_driver_subtype,C3_Lo_ITH_Hi_WGII,Rapid,0.83,1.0,0
loss_18,18,armSCNA,Loss,,,K066,PERI-RENAL,subclonal,,private.to.primary,not_selected,M,66.0,Clear Cell,N,IV,4.0,85,non_driver_subtype,C3_Lo_ITH_Hi_WGII,Rapid,0.83,1.0,0
loss_18,18,armSCNA,Loss,,,K066,PERI-NEPHRIC_FAT,subclonal,,private.to.primary,not_selected,M,66.0,Clear Cell,N,IV,4.0,85,non_driver_subtype,C3_Lo_ITH_Hi_WGII,Rapid,0.83,1.0,0
loss_19q,19q,armSCNA,Loss,,,K066,PERI-RENAL,subclonal,,private.to.primary,not_selected,M,66.0,Clear Cell,N,IV,4.0,85,non_driver_subtype,C3_Lo_ITH_Hi_WGII,Rapid,0.83,1.0,0
loss_19q,19q,armSCNA,Loss,,,K066,PERI-NEPHRIC_FAT,subclonal,,private.to.primary,not_selected,M,66.0,Clear Cell,N,IV,4.0,85,non_driver_subtype,C3_Lo_ITH_Hi_WGII,Rapid,0.83,1.0,0
loss_21q,21q,armSCNA,Loss,,,K066,PERI-RENAL,subclonal,,private.to.primary,not_selected,M,66.0,Clear Cell,N,IV,4.0,85,non_driver_subtype,C3_Lo_ITH_Hi_WGII,Rapid,0.83,1.0,0
loss_21q,21q,armSCNA,Loss,,,K066,PERI-NEPHRIC_FAT,subclonal,,private.to.primary,not_selected,M,66.0,Clear Cell,N,IV,4.0,85,non_driver_subtype,C3_Lo_ITH_Hi_WGII,Rapid,0.83,1.0,0
loss_22q,22q,armSCNA,Loss,,,K066,PERI-RENAL,subclonal,,private.to.primary,not_selected,M,66.0,Clear Cell,N,IV,4.0,85,non_driver_subtype,C3_Lo_ITH_Hi_WGII,Rapid,0.83,1.0,0
loss_22q,22q,armSCNA,Loss,,,K066,PERI-NEPHRIC_FAT,subclonal,,private.to.primary,not_selected,M,66.0,Clear Cell,N,IV,4.0,85,non_driver_subtype,C3_Lo_ITH_Hi_WGII,Rapid,0.83,1.0,0
loss_1p,1p,armSCNA,Loss,,,K071,ADRENAL_IL,subclonal,clonal,shared,selected,M,62.0,Clear Cell,N,IV,3.0,90,PBRM1-->SETD2,C2_Hi_ITH_Lo_WGII,Attenuated,0.15,2.0,1
loss_6q,6q,armSCNA,Loss,,,K071,ADRENAL_IL,subclonal,clonal,shared,selected,M,62.0,Clear Cell,N,IV,3.0,90,PBRM1-->SETD2,C2_Hi_ITH_Lo_WGII,Attenuated,0.15,2.0,1
gain_3q,3q,armSCNA,Gain,,,K071,ADRENAL_IL,subclonal,,private.to.primary,not_selected,M,62.0,Clear Cell,N,IV,3.0,90,PBRM1-->SETD2,C2_Hi_ITH_Lo_WGII,Attenuated,0.15,2.0,0
loss_8p,8p,armSCNA,Loss,,,K071,ADRENAL_IL,subclonal,,private.to.primary,not_selected,M,62.0,Clear Cell,N,IV,3.0,90,PBRM1-->SETD2,C2_Hi_ITH_Lo_WGII,Attenuated,0.15,2.0,0
gain_2q,2q,armSCNA,Gain,,,K099,THROMBUS_RV,subclonal,clonal,shared,selected,M,73.0,Clear Cell,N,III,3.0,75,non_driver_subtype,C3_Lo_ITH_Hi_WGII,,0.64,0.36,1
gain_2q,2q,armSCNA,Gain,,,K099,THROMBUS_IVC,subclonal,clonal,shared,selected,M,73.0,Clear Cell,N,III,3.0,75,non_driver_subtype,C3_Lo_ITH_Hi_WGII,,0.64,0.36,1
gain_13q,13q,armSCNA,Gain,,,K099,THROMBUS_RV,subclonal,clonal,shared,selected,M,73.0,Clear Cell,N,III,3.0,75,non_driver_subtype,C3_Lo_ITH_Hi_WGII,,0.64,0.36,1
gain_13q,13q,armSCNA,Gain,,,K099,THROMBUS_IVC,subclonal,clonal,shared,selected,M,73.0,Clear Cell,N,III,3.0,75,non_driver_subtype,C3_Lo_ITH_Hi_WGII,,0.64,0.36,1
loss_10q,10q,armSCNA,Loss,,,K099,THROMBUS_RV,subclonal,clonal,shared,selected,M,73.0,Clear Cell,N,III,3.0,75,non_driver_subtype,C3_Lo_ITH_Hi_WGII,,0.64,0.36,1
loss_10q,10q,armSCNA,Loss,,,K099,THROMBUS_IVC,subclonal,clonal,shared,selected,M,73.0,Clear Cell,N,III,3.0,75,non_driver_subtype,C3_Lo_ITH_Hi_WGII,,0.64,0.36,1
gain_4p,4p,armSCNA,Gain,,,K099,THROMBUS_RV,subclonal,,private.to.primary,not_selected,M,73.0,Clear Cell,N,III,3.0,75,non_driver_subtype,C3_Lo_ITH_Hi_WGII,,0.64,0.36,0
gain_4p,4p,armSCNA,Gain,,,K099,THROMBUS_IVC,subclonal,,private.to.primary,not_selected,M,73.0,Clear Cell,N,III,3.0,75,non_driver_subtype,C3_Lo_ITH_Hi_WGII,,0.64,0.36,0
gain_8q,8q,armSCNA,Gain,,,K099,THROMBUS_RV,subclonal,,private.to.primary,not_selected,M,73.0,Clear Cell,N,III,3.0,75,non_driver_subtype,C3_Lo_ITH_Hi_WGII,,0.64,0.36,0
gain_8q,8q,armSCNA,Gain,,,K099,THROMBUS_IVC,subclonal,,private.to.primary,not_selected,M,73.0,Clear Cell,N,III,3.0,75,non_driver_subtype,C3_Lo_ITH_Hi_WGII,,0.64,0.36,0
gain_11p,11p,armSCNA,Gain,,,K099,THROMBUS_RV,subclonal,,private.to.primary,not_selected,M,73.0,Clear Cell,N,III,3.0,75,non_driver_subtype,C3_Lo_ITH_Hi_WGII,,0.64,0.36,0
gain_11p,11p,armSCNA,Gain,,,K099,THROMBUS_IVC,subclonal,,private.to.primary,not_selected,M,73.0,Clear Cell,N,III,3.0,75,non_driver_subtype,C3_Lo_ITH_Hi_WGII,,0.64,0.36,0
gain_19q,19q,armSCNA,Gain,,,K099,THROMBUS_RV,subclonal,,private.to.primary,not_selected,M,73.0,Clear Cell,N,III,3.0,75,non_driver_subtype,C3_Lo_ITH_Hi_WGII,,0.64,0.36,0
gain_19q,19q,armSCNA,Gain,,,K099,THROMBUS_IVC,subclonal,,private.to.primary,not_selected,M,73.0,Clear Cell,N,III,3.0,75,non_driver_subtype,C3_Lo_ITH_Hi_WGII,,0.64,0.36,0
loss_3q,3q,armSCNA,Loss,,,K099,THROMBUS_RV,subclonal,,private.to.primary,not_selected,M,73.0,Clear Cell,N,III,3.0,75,non_driver_subtype,C3_Lo_ITH_Hi_WGII,,0.64,0.36,0
loss_3q,3q,armSCNA,Loss,,,K099,THROMBUS_IVC,subclonal,,private.to.primary,not_selected,M,73.0,Clear Cell,N,III,3.0,75,non_driver_subtype,C3_Lo_ITH_Hi_WGII,,0.64,0.36,0
loss_4q,4q,armSCNA,Loss,,,K099,THROMBUS_RV,subclonal,,private.to.primary,not_selected,M,73.0,Clear Cell,N,III,3.0,75,non_driver_subtype,C3_Lo_ITH_Hi_WGII,,0.64,0.36,0
loss_4q,4q,armSCNA,Loss,,,K099,THROMBUS_IVC,subclonal,,private.to.primary,not_selected,M,73.0,Clear Cell,N,III,3.0,75,non_driver_subtype,C3_Lo_ITH_Hi_WGII,,0.64,0.36,0
loss_8p,8p,armSCNA,Loss,,,K099,THROMBUS_RV,subclonal,,private.to.primary,not_selected,M,73.0,Clear Cell,N,III,3.0,75,non_driver_subtype,C3_Lo_ITH_Hi_WGII,,0.64,0.36,0
loss_8p,8p,armSCNA,Loss,,,K099,THROMBUS_IVC,subclonal,,private.to.primary,not_selected,M,73.0,Clear Cell,N,III,3.0,75,non_driver_subtype,C3_Lo_ITH_Hi_WGII,,0.64,0.36,0
loss_1,1,armSCNA,Loss,,,K167,THROMBUS_RV,subclonal,,private.to.primary,not_selected,F,49.0,Clear Cell,N,III,3.0,95,non_driver_subtype,C4_Hi_ITH_Hi_WGII,,0.41,3.0,0
loss_2,2,armSCNA,Loss,,,K167,THROMBUS_RV,subclonal,,private.to.primary,not_selected,F,49.0,Clear Cell,N,III,3.0,95,non_driver_subtype,C4_Hi_ITH_Hi_WGII,,0.41,3.0,0
loss_8,8,armSCNA,Loss,,,K167,THROMBUS_RV,subclonal,,private.to.primary,not_selected,F,49.0,Clear Cell,N,III,3.0,95,non_driver_subtype,C4_Hi_ITH_Hi_WGII,,0.41,3.0,0
loss_9,9,armSCNA,Loss,,,K167,THROMBUS_RV,subclonal,,private.to.primary,not_selected,F,49.0,Clear Cell,N,III,3.0,95,non_driver_subtype,C4_Hi_ITH_Hi_WGII,,0.41,3.0,0
loss_11,11,armSCNA,Loss,,,K167,THROMBUS_RV,subclonal,,private.to.primary,not_selected,F,49.0,Clear Cell,N,III,3.0,95,non_driver_subtype,C4_Hi_ITH_Hi_WGII,,0.41,3.0,0
loss_14q,14q,armSCNA,Loss,,,K167,THROMBUS_RV,subclonal,,private.to.primary,not_selected,F,49.0,Clear Cell,N,III,3.0,95,non_driver_subtype,C4_Hi_ITH_Hi_WGII,,0.41,3.0,0
loss_15q,15q,armSCNA,Loss,,,K167,THROMBUS_RV,subclonal,,private.to.primary,not_selected,F,49.0,Clear Cell,N,III,3.0,95,non_driver_subtype,C4_Hi_ITH_Hi_WGII,,0.41,3.0,0
loss_19q,19q,armSCNA,Loss,,,K167,THROMBUS_RV,subclonal,,private.to.primary,not_selected,F,49.0,Clear Cell,N,III,3.0,95,non_driver_subtype,C4_Hi_ITH_Hi_WGII,,0.41,3.0,0
loss_22q,22q,armSCNA,Loss,,,K167,THROMBUS_RV,subclonal,,private.to.primary,not_selected,F,49.0,Clear Cell,N,III,3.0,95,non_driver_subtype,C4_Hi_ITH_Hi_WGII,,0.41,3.0,0
loss_11q,11q,armSCNA,Loss,,,K207,THROMBUS_RV,subclonal,clonal,shared,selected,F,60.0,Clear Cell,N,III,3.0,77,non_driver_subtype,C4_Hi_ITH_Hi_WGII,,0.49,1.5,1
loss_17p,17p,armSCNA,Loss,,,K207,THROMBUS_RV,subclonal,,private.to.primary,not_selected,F,60.0,Clear Cell,N,III,3.0,77,non_driver_subtype,C4_Hi_ITH_Hi_WGII,,0.49,1.5,0
loss_22q,22q,armSCNA,Loss,,,K207,THROMBUS_RV,subclonal,,private.to.primary,not_selected,F,60.0,Clear Cell,N,III,3.0,77,non_driver_subtype,C4_Hi_ITH_Hi_WGII,,0.49,1.5,0
gain_3q,3q,armSCNA,Gain,,,K207,THROMBUS_RV,subclonal,,private.to.primary,not_selected,F,60.0,Clear Cell,N,III,3.0,77,non_driver_subtype,C4_Hi_ITH_Hi_WGII,,0.49,1.5,0
gain_7p,7p,armSCNA,Gain,,,K207,THROMBUS_RV,subclonal,,private.to.primary,not_selected,F,60.0,Clear Cell,N,III,3.0,77,non_driver_subtype,C4_Hi_ITH_Hi_WGII,,0.49,1.5,0
gain_8q,8q,armSCNA,Gain,,,K207,THROMBUS_RV,subclonal,,private.to.primary,not_selected,F,60.0,Clear Cell,N,III,3.0,77,non_driver_subtype,C4_Hi_ITH_Hi_WGII,,0.49,1.5,0
gain_10q,10q,armSCNA,Gain,,,K207,THROMBUS_RV,subclonal,,private.to.primary,not_selected,F,60.0,Clear Cell,N,III,3.0,77,non_driver_subtype,C4_Hi_ITH_Hi_WGII,,0.49,1.5,0
gain_11p,11p,armSCNA,Gain,,,K207,THROMBUS_RV,subclonal,,private.to.primary,not_selected,F,60.0,Clear Cell,N,III,3.0,77,non_driver_subtype,C4_Hi_ITH_Hi_WGII,,0.49,1.5,0
gain_20,20,armSCNA,Gain,,,K207,THROMBUS_RV,subclonal,,private.to.primary,not_selected,F,60.0,Clear Cell,N,III,3.0,77,non_driver_subtype,C4_Hi_ITH_Hi_WGII,,0.49,1.5,0
loss_8p,8p,armSCNA,Loss,,,K207,THROMBUS_RV,subclonal,,private.to.primary,not_selected,F,60.0,Clear Cell,N,III,3.0,77,non_driver_subtype,C4_Hi_ITH_Hi_WGII,,0.49,1.5,0
loss_9,9,armSCNA,Loss,,,K207,THROMBUS_RV,subclonal,,private.to.primary,not_selected,F,60.0,Clear Cell,N,III,3.0,77,non_driver_subtype,C4_Hi_ITH_Hi_WGII,,0.49,1.5,0
loss_15q,15q,armSCNA,Loss,,,K207,THROMBUS_RV,subclonal,,private.to.primary,not_selected,F,60.0,Clear Cell,N,III,3.0,77,non_driver_subtype,C4_Hi_ITH_Hi_WGII,,0.49,1.5,0
loss_16p,16p,armSCNA,Loss,,,K207,THROMBUS_RV,subclonal,,private.to.primary,not_selected,F,60.0,Clear Cell,N,III,3.0,77,non_driver_subtype,C4_Hi_ITH_Hi_WGII,,0.49,1.5,0
loss_17q,17q,armSCNA,Loss,,,K207,THROMBUS_RV,subclonal,,private.to.primary,not_selected,F,60.0,Clear Cell,N,III,3.0,77,non_driver_subtype,C4_Hi_ITH_Hi_WGII,,0.49,1.5,0
loss_18,18,armSCNA,Loss,,,K207,THROMBUS_RV,subclonal,,private.to.primary,not_selected,F,60.0,Clear Cell,N,III,3.0,77,non_driver_subtype,C4_Hi_ITH_Hi_WGII,,0.49,1.5,0
loss_19,19,armSCNA,Loss,,,K207,THROMBUS_RV,subclonal,,private.to.primary,not_selected,F,60.0,Clear Cell,N,III,3.0,77,non_driver_subtype,C4_Hi_ITH_Hi_WGII,,0.49,1.5,0
loss_20q,20q,armSCNA,Loss,,,K207,THROMBUS_RV,subclonal,,private.to.primary,not_selected,F,60.0,Clear Cell,N,III,3.0,77,non_driver_subtype,C4_Hi_ITH_Hi_WGII,,0.49,1.5,0
gain_18p,18p,armSCNA,Gain,,,K208,BONE_SPINE,subclonal,,private.to.primary,not_selected,M,64.0,Clear Cell,N,IV,3.0,58,PBRM1-->SETD2,C1_Lo_ITH_Lo_WGII,Attenuated,0.14,0.25,0
gain_7,7,armSCNA,Gain,,,K245,THROMBUS_IVC,subclonal,,private.to.primary,not_selected,M,67.0,Clear Cell,N,III,3.0,105,Multiple_Clonal_Drivers,C1_Lo_ITH_Lo_WGII,,0.23,0.8,0
loss_17p,17p,armSCNA,Loss,,,K263,THROMBUS_IVC,subclonal,clonal,shared,selected,M,82.0,Clear Cell,N,IV,3.0,68,Multiple_Clonal_Drivers,C3_Lo_ITH_Hi_WGII,Rapid,0.64,0.56,1
loss_17p,17p,armSCNA,Loss,,,K263,ADRENAL_IL,subclonal,clonal,shared,selected,M,82.0,Clear Cell,N,IV,3.0,68,Multiple_Clonal_Drivers,C3_Lo_ITH_Hi_WGII,Rapid,0.64,0.56,1
loss_17p,17p,armSCNA,Loss,,,K263,LN_PA,subclonal,clonal,shared,selected,M,82.0,Clear Cell,N,IV,3.0,68,Multiple_Clonal_Drivers,C3_Lo_ITH_Hi_WGII,Rapid,0.64,0.56,1
loss_22q,22q,armSCNA,Loss,,,K263,THROMBUS_IVC,subclonal,clonal,shared,selected,M,82.0,Clear Cell,N,IV,3.0,68,Multiple_Clonal_Drivers,C3_Lo_ITH_Hi_WGII,Rapid,0.64,0.56,1
loss_22q,22q,armSCNA,Loss,,,K263,ADRENAL_IL,subclonal,clonal,shared,selected,M,82.0,Clear Cell,N,IV,3.0,68,Multiple_Clonal_Drivers,C3_Lo_ITH_Hi_WGII,Rapid,0.64,0.56,1
loss_22q,22q,armSCNA,Loss,,,K263,LN_PA,subclonal,clonal,shared,selected,M,82.0,Clear Cell,N,IV,3.0,68,Multiple_Clonal_Drivers,C3_Lo_ITH_Hi_WGII,Rapid,0.64,0.56,1
gain_20q,20q,armSCNA,Gain,,,K263,THROMBUS_IVC,subclonal,clonal,shared,selected,M,82.0,Clear Cell,N,IV,3.0,68,Multiple_Clonal_Drivers,C3_Lo_ITH_Hi_WGII,Rapid,0.64,0.56,1
gain_20q,20q,armSCNA,Gain,,,K263,ADRENAL_IL,subclonal,clonal,shared,selected,M,82.0,Clear Cell,N,IV,3.0,68,Multiple_Clonal_Drivers,C3_Lo_ITH_Hi_WGII,Rapid,0.64,0.56,1
gain_20q,20q,armSCNA,Gain,,,K263,LN_PA,subclonal,clonal,shared,selected,M,82.0,Clear Cell,N,IV,3.0,68,Multiple_Clonal_Drivers,C3_Lo_ITH_Hi_WGII,Rapid,0.64,0.56,1
loss_17q,17q,armSCNA,Loss,,,K263,THROMBUS_IVC,subclonal,clonal,shared,selected,M,82.0,Clear Cell,N,IV,3.0,68,Multiple_Clonal_Drivers,C3_Lo_ITH_Hi_WGII,Rapid,0.64,0.56,1
loss_17q,17q,armSCNA,Loss,,,K263,ADRENAL_IL,subclonal,clonal,shared,selected,M,82.0,Clear Cell,N,IV,3.0,68,Multiple_Clonal_Drivers,C3_Lo_ITH_Hi_WGII,Rapid,0.64,0.56,1
loss_17q,17q,armSCNA,Loss,,,K263,LN_PA,subclonal,clonal,shared,selected,M,82.0,Clear Cell,N,IV,3.0,68,Multiple_Clonal_Drivers,C3_Lo_ITH_Hi_WGII,Rapid,0.64,0.56,1
loss_21q,21q,armSCNA,Loss,,,K263,THROMBUS_IVC,subclonal,clonal,shared,selected,M,82.0,Clear Cell,N,IV,3.0,68,Multiple_Clonal_Drivers,C3_Lo_ITH_Hi_WGII,Rapid,0.64,0.56,1
loss_21q,21q,armSCNA,Loss,,,K263,ADRENAL_IL,subclonal,clonal,shared,selected,M,82.0,Clear Cell,N,IV,3.0,68,Multiple_Clonal_Drivers,C3_Lo_ITH_Hi_WGII,Rapid,0.64,0.56,1
loss_21q,21q,armSCNA,Loss,,,K263,LN_PA,subclonal,clonal,shared,selected,M,82.0,Clear Cell,N,IV,3.0,68,Multiple_Clonal_Drivers,C3_Lo_ITH_Hi_WGII,Rapid,0.64,0.56,1
loss_1q,1q,armSCNA,Loss,,,K263,THROMBUS_IVC,subclonal,clonal,shared,selected,M,82.0,Clear Cell,N,IV,3.0,68,Multiple_Clonal_Drivers,C3_Lo_ITH_Hi_WGII,Rapid,0.64,0.56,1
loss_1q,1q,armSCNA,Loss,,,K263,ADRENAL_IL,subclonal,clonal,shared,selected,M,82.0,Clear Cell,N,IV,3.0,68,Multiple_Clonal_Drivers,C3_Lo_ITH_Hi_WGII,Rapid,0.64,0.56,1
loss_1q,1q,armSCNA,Loss,,,K263,LN_PA,subclonal,clonal,shared,selected,M,82.0,Clear Cell,N,IV,3.0,68,Multiple_Clonal_Drivers,C3_Lo_ITH_Hi_WGII,Rapid,0.64,0.56,1
loss_4,4,armSCNA,Loss,,,K263,THROMBUS_IVC,subclonal,clonal,shared,selected,M,82.0,Clear Cell,N,IV,3.0,68,Multiple_Clonal_Drivers,C3_Lo_ITH_Hi_WGII,Rapid,0.64,0.56,1
loss_4,4,armSCNA,Loss,,,K263,ADRENAL_IL,subclonal,clonal,shared,selected,M,82.0,Clear Cell,N,IV,3.0,68,Multiple_Clonal_Drivers,C3_Lo_ITH_Hi_WGII,Rapid,0.64,0.56,1
loss_4,4,armSCNA,Loss,,,K263,LN_PA,subclonal,clonal,shared,selected,M,82.0,Clear Cell,N,IV,3.0,68,Multiple_Clonal_Drivers,C3_Lo_ITH_Hi_WGII,Rapid,0.64,0.56,1
loss_9,9,armSCNA,Loss,,,K263,THROMBUS_IVC,subclonal,clonal,shared,selected,M,82.0,Clear Cell,N,IV,3.0,68,Multiple_Clonal_Drivers,C3_Lo_ITH_Hi_WGII,Rapid,0.64,0.56,1
loss_9,9,armSCNA,Loss,,,K263,ADRENAL_IL,subclonal,clonal,shared,selected,M,82.0,Clear Cell,N,IV,3.0,68,Multiple_Clonal_Drivers,C3_Lo_ITH_Hi_WGII,Rapid,0.64,0.56,1
loss_9,9,armSCNA,Loss,,,K263,LN_PA,subclonal,clonal,shared,selected,M,82.0,Clear Cell,N,IV,3.0,68,Multiple_Clonal_Drivers,C3_Lo_ITH_Hi_WGII,Rapid,0.64,0.56,1
loss_13q,13q,armSCNA,Loss,,,K263,THROMBUS_IVC,subclonal,clonal,shared,selected,M,82.0,Clear Cell,N,IV,3.0,68,Multiple_Clonal_Drivers,C3_Lo_ITH_Hi_WGII,Rapid,0.64,0.56,1
loss_13q,13q,armSCNA,Loss,,,K263,ADRENAL_IL,subclonal,clonal,shared,selected,M,82.0,Clear Cell,N,IV,3.0,68,Multiple_Clonal_Drivers,C3_Lo_ITH_Hi_WGII,Rapid,0.64,0.56,1
loss_13q,13q,armSCNA,Loss,,,K263,LN_PA,subclonal,clonal,shared,selected,M,82.0,Clear Cell,N,IV,3.0,68,Multiple_Clonal_Drivers,C3_Lo_ITH_Hi_WGII,Rapid,0.64,0.56,1
loss_20p,20p,armSCNA,Loss,,,K263,THROMBUS_IVC,subclonal,,private.to.primary,not_selected,M,82.0,Clear Cell,N,IV,3.0,68,Multiple_Clonal_Drivers,C3_Lo_ITH_Hi_WGII,Rapid,0.64,0.56,0
loss_20p,20p,armSCNA,Loss,,,K263,ADRENAL_IL,subclonal,,private.to.primary,not_selected,M,82.0,Clear Cell,N,IV,3.0,68,Multiple_Clonal_Drivers,C3_Lo_ITH_Hi_WGII,Rapid,0.64,0.56,0
loss_20p,20p,armSCNA,Loss,,,K263,LN_PA,subclonal,,private.to.primary,not_selected,M,82.0,Clear Cell,N,IV,3.0,68,Multiple_Clonal_Drivers,C3_Lo_ITH_Hi_WGII,Rapid,0.64,0.56,0
loss_15q,15q,armSCNA,Loss,,,K263,THROMBUS_IVC,subclonal,,private.to.primary,not_selected,M,82.0,Clear Cell,N,IV,3.0,68,Multiple_Clonal_Drivers,C3_Lo_ITH_Hi_WGII,Rapid,0.64,0.56,0
loss_15q,15q,armSCNA,Loss,,,K263,ADRENAL_IL,subclonal,,private.to.primary,not_selected,M,82.0,Clear Cell,N,IV,3.0,68,Multiple_Clonal_Drivers,C3_Lo_ITH_Hi_WGII,Rapid,0.64,0.56,0
loss_15q,15q,armSCNA,Loss,,,K263,LN_PA,subclonal,,private.to.primary,not_selected,M,82.0,Clear Cell,N,IV,3.0,68,Multiple_Clonal_Drivers,C3_Lo_ITH_Hi_WGII,Rapid,0.64,0.56,0
loss_16q,16q,armSCNA,Loss,,,K263,THROMBUS_IVC,subclonal,,private.to.primary,not_selected,M,82.0,Clear Cell,N,IV,3.0,68,Multiple_Clonal_Drivers,C3_Lo_ITH_Hi_WGII,Rapid,0.64,0.56,0
loss_16q,16q,armSCNA,Loss,,,K263,ADRENAL_IL,subclonal,,private.to.primary,not_selected,M,82.0,Clear Cell,N,IV,3.0,68,Multiple_Clonal_Drivers,C3_Lo_ITH_Hi_WGII,Rapid,0.64,0.56,0
loss_16q,16q,armSCNA,Loss,,,K263,LN_PA,subclonal,,private.to.primary,not_selected,M,82.0,Clear Cell,N,IV,3.0,68,Multiple_Clonal_Drivers,C3_Lo_ITH_Hi_WGII,Rapid,0.64,0.56,0
gain_2q,2q,armSCNA,Gain,,,K263,THROMBUS_IVC,subclonal,,private.to.primary,not_selected,M,82.0,Clear Cell,N,IV,3.0,68,Multiple_Clonal_Drivers,C3_Lo_ITH_Hi_WGII,Rapid,0.64,0.56,0
gain_2q,2q,armSCNA,Gain,,,K263,ADRENAL_IL,subclonal,,private.to.primary,not_selected,M,82.0,Clear Cell,N,IV,3.0,68,Multiple_Clonal_Drivers,C3_Lo_ITH_Hi_WGII,Rapid,0.64,0.56,0
gain_2q,2q,armSCNA,Gain,,,K263,LN_PA,subclonal,clonal,shared,selected,M,82.0,Clear Cell,N,IV,3.0,68,Multiple_Clonal_Drivers,C3_Lo_ITH_Hi_WGII,Rapid,0.64,0.56,1
gain_3q,3q,armSCNA,Gain,,,K263,THROMBUS_IVC,subclonal,,private.to.primary,not_selected,M,82.0,Clear Cell,N,IV,3.0,68,Multiple_Clonal_Drivers,C3_Lo_ITH_Hi_WGII,Rapid,0.64,0.56,0
gain_3q,3q,armSCNA,Gain,,,K263,ADRENAL_IL,subclonal,,private.to.primary,not_selected,M,82.0,Clear Cell,N,IV,3.0,68,Multiple_Clonal_Drivers,C3_Lo_ITH_Hi_WGII,Rapid,0.64,0.56,0
gain_3q,3q,armSCNA,Gain,,,K263,LN_PA,subclonal,clonal,shared,selected,M,82.0,Clear Cell,N,IV,3.0,68,Multiple_Clonal_Drivers,C3_Lo_ITH_Hi_WGII,Rapid,0.64,0.56,1
gain_20p,20p,armSCNA,Gain,,,K263,THROMBUS_IVC,subclonal,,private.to.primary,not_selected,M,82.0,Clear Cell,N,IV,3.0,68,Multiple_Clonal_Drivers,C3_Lo_ITH_Hi_WGII,Rapid,0.64,0.56,0
gain_20p,20p,armSCNA,Gain,,,K263,ADRENAL_IL,subclonal,,private.to.primary,not_selected,M,82.0,Clear Cell,N,IV,3.0,68,Multiple_Clonal_Drivers,C3_Lo_ITH_Hi_WGII,Rapid,0.64,0.56,0
gain_20p,20p,armSCNA,Gain,,,K263,LN_PA,subclonal,clonal,shared,selected,M,82.0,Clear Cell,N,IV,3.0,68,Multiple_Clonal_Drivers,C3_Lo_ITH_Hi_WGII,Rapid,0.64,0.56,1
loss_10p,10p,armSCNA,Loss,,,K263,THROMBUS_IVC,subclonal,clonal,shared,selected,M,82.0,Clear Cell,N,IV,3.0,68,Multiple_Clonal_Drivers,C3_Lo_ITH_Hi_WGII,Rapid,0.64,0.56,1
loss_10p,10p,armSCNA,Loss,,,K263,ADRENAL_IL,subclonal,,private.to.primary,not_selected,M,82.0,Clear Cell,N,IV,3.0,68,Multiple_Clonal_Drivers,C3_Lo_ITH_Hi_WGII,Rapid,0.64,0.56,0
loss_10p,10p,armSCNA,Loss,,,K263,LN_PA,subclonal,,private.to.primary,not_selected,M,82.0,Clear Cell,N,IV,3.0,68,Multiple_Clonal_Drivers,C3_Lo_ITH_Hi_WGII,Rapid,0.64,0.56,0
gain_4,4,armSCNA,Gain,,,K263,THROMBUS_IVC,subclonal,,private.to.primary,not_selected,M,82.0,Clear Cell,N,IV,3.0,68,Multiple_Clonal_Drivers,C3_Lo_ITH_Hi_WGII,Rapid,0.64,0.56,0
gain_4,4,armSCNA,Gain,,,K263,ADRENAL_IL,subclonal,,private.to.primary,not_selected,M,82.0,Clear Cell,N,IV,3.0,68,Multiple_Clonal_Drivers,C3_Lo_ITH_Hi_WGII,Rapid,0.64,0.56,0
gain_4,4,armSCNA,Gain,,,K263,LN_PA,subclonal,,private.to.primary,not_selected,M,82.0,Clear Cell,N,IV,3.0,68,Multiple_Clonal_Drivers,C3_Lo_ITH_Hi_WGII,Rapid,0.64,0.56,0
gain_11,11,armSCNA,Gain,,,K263,THROMBUS_IVC,subclonal,,private.to.primary,not_selected,M,82.0,Clear Cell,N,IV,3.0,68,Multiple_Clonal_Drivers,C3_Lo_ITH_Hi_WGII,Rapid,0.64,0.56,0
gain_11,11,armSCNA,Gain,,,K263,ADRENAL_IL,subclonal,,private.to.primary,not_selected,M,82.0,Clear Cell,N,IV,3.0,68,Multiple_Clonal_Drivers,C3_Lo_ITH_Hi_WGII,Rapid,0.64,0.56,0
gain_11,11,armSCNA,Gain,,,K263,LN_PA,subclonal,,private.to.primary,not_selected,M,82.0,Clear Cell,N,IV,3.0,68,Multiple_Clonal_Drivers,C3_Lo_ITH_Hi_WGII,Rapid,0.64,0.56,0
gain_18,18,armSCNA,Gain,,,K263,THROMBUS_IVC,subclonal,,private.to.primary,not_selected,M,82.0,Clear Cell,N,IV,3.0,68,Multiple_Clonal_Drivers,C3_Lo_ITH_Hi_WGII,Rapid,0.64,0.56,0
gain_18,18,armSCNA,Gain,,,K263,ADRENAL_IL,subclonal,,private.to.primary,not_selected,M,82.0,Clear Cell,N,IV,3.0,68,Multiple_Clonal_Drivers,C3_Lo_ITH_Hi_WGII,Rapid,0.64,0.56,0
gain_18,18,armSCNA,Gain,,,K263,LN_PA,subclonal,,private.to.primary,not_selected,M,82.0,Clear Cell,N,IV,3.0,68,Multiple_Clonal_Drivers,C3_Lo_ITH_Hi_WGII,Rapid,0.64,0.56,0
loss_5p,5p,armSCNA,Loss,,,K263,THROMBUS_IVC,subclonal,,private.to.primary,not_selected,M,82.0,Clear Cell,N,IV,3.0,68,Multiple_Clonal_Drivers,C3_Lo_ITH_Hi_WGII,Rapid,0.64,0.56,0
loss_5p,5p,armSCNA,Loss,,,K263,ADRENAL_IL,subclonal,,private.to.primary,not_selected,M,82.0,Clear Cell,N,IV,3.0,68,Multiple_Clonal_Drivers,C3_Lo_ITH_Hi_WGII,Rapid,0.64,0.56,0
loss_5p,5p,armSCNA,Loss,,,K263,LN_PA,subclonal,,private.to.primary,not_selected,M,82.0,Clear Cell,N,IV,3.0,68,Multiple_Clonal_Drivers,C3_Lo_ITH_Hi_WGII,Rapid,0.64,0.56,0
loss_16p,16p,armSCNA,Loss,,,K263,THROMBUS_IVC,subclonal,,private.to.primary,not_selected,M,82.0,Clear Cell,N,IV,3.0,68,Multiple_Clonal_Drivers,C3_Lo_ITH_Hi_WGII,Rapid,0.64,0.56,0
loss_16p,16p,armSCNA,Loss,,,K263,ADRENAL_IL,subclonal,,private.to.primary,not_selected,M,82.0,Clear Cell,N,IV,3.0,68,Multiple_Clonal_Drivers,C3_Lo_ITH_Hi_WGII,Rapid,0.64,0.56,0
loss_16p,16p,armSCNA,Loss,,,K263,LN_PA,subclonal,,private.to.primary,not_selected,M,82.0,Clear Cell,N,IV,3.0,68,Multiple_Clonal_Drivers,C3_Lo_ITH_Hi_WGII,Rapid,0.64,0.56,0
loss_19,19,armSCNA,Loss,,,K263,THROMBUS_IVC,subclonal,,private.to.primary,not_selected,M,82.0,Clear Cell,N,IV,3.0,68,Multiple_Clonal_Drivers,C3_Lo_ITH_Hi_WGII,Rapid,0.64,0.56,0
loss_19,19,armSCNA,Loss,,,K263,ADRENAL_IL,subclonal,,private.to.primary,not_selected,M,82.0,Clear Cell,N,IV,3.0,68,Multiple_Clonal_Drivers,C3_Lo_ITH_Hi_WGII,Rapid,0.64,0.56,0
loss_19,19,armSCNA,Loss,,,K263,LN_PA,subclonal,,private.to.primary,not_selected,M,82.0,Clear Cell,N,IV,3.0,68,Multiple_Clonal_Drivers,C3_Lo_ITH_Hi_WGII,Rapid,0.64,0.56,0
gain_8q,8q,armSCNA,Gain,,,K280,BONE_SHOULDER,subclonal,clonal,shared,selected,M,69.0,Clear Cell,N,IV,3.0,60,non_driver_subtype,C4_Hi_ITH_Hi_WGII,Attenuated,0.36,1.4,1
loss_6,6,armSCNA,Loss,,,K280,BONE_SHOULDER,subclonal,clonal,shared,selected,M,69.0,Clear Cell,N,IV,3.0,60,non_driver_subtype,C4_Hi_ITH_Hi_WGII,Attenuated,0.36,1.4,1
loss_9,9,armSCNA,Loss,,,K280,BONE_SHOULDER,subclonal,clonal,shared,selected,M,69.0,Clear Cell,N,IV,3.0,60,non_driver_subtype,C4_Hi_ITH_Hi_WGII,Attenuated,0.36,1.4,1
loss_14q,14q,armSCNA,Loss,,,K280,BONE_SHOULDER,subclonal,clonal,shared,selected,M,69.0,Clear Cell,N,IV,3.0,60,non_driver_subtype,C4_Hi_ITH_Hi_WGII,Attenuated,0.36,1.4,1
loss_17p,17p,armSCNA,Loss,,,K280,BONE_SHOULDER,subclonal,clonal,shared,selected,M,69.0,Clear Cell,N,IV,3.0,60,non_driver_subtype,C4_Hi_ITH_Hi_WGII,Attenuated,0.36,1.4,1
loss_18,18,armSCNA,Loss,,,K280,BONE_SHOULDER,subclonal,clonal,shared,selected,M,69.0,Clear Cell,N,IV,3.0,60,non_driver_subtype,C4_Hi_ITH_Hi_WGII,Attenuated,0.36,1.4,1
gain_12,12,armSCNA,Gain,,,K280,BONE_SHOULDER,subclonal,,private.to.primary,not_selected,M,69.0,Clear Cell,N,IV,3.0,60,non_driver_subtype,C4_Hi_ITH_Hi_WGII,Attenuated,0.36,1.4,0
gain_5p,5p,armSCNA,Gain,,,K280,BONE_SHOULDER,subclonal,,private.to.primary,not_selected,M,69.0,Clear Cell,N,IV,3.0,60,non_driver_subtype,C4_Hi_ITH_Hi_WGII,Attenuated,0.36,1.4,0
loss_16q,16q,armSCNA,Loss,,,K280,BONE_SHOULDER,subclonal,,private.to.primary,not_selected,M,69.0,Clear Cell,N,IV,3.0,60,non_driver_subtype,C4_Hi_ITH_Hi_WGII,Attenuated,0.36,1.4,0
loss_8p,8p,armSCNA,Loss,,,K280,BONE_SHOULDER,subclonal,,private.to.primary,not_selected,M,69.0,Clear Cell,N,IV,3.0,60,non_driver_subtype,C4_Hi_ITH_Hi_WGII,Attenuated,0.36,1.4,0
gain_9p,9p,armSCNA,Gain,,,K280,BONE_SHOULDER,subclonal,,private.to.primary,not_selected,M,69.0,Clear Cell,N,IV,3.0,60,non_driver_subtype,C4_Hi_ITH_Hi_WGII,Attenuated,0.36,1.4,0
gain_20p,20p,armSCNA,Gain,,,K280,BONE_SHOULDER,subclonal,,private.to.primary,not_selected,M,69.0,Clear Cell,N,IV,3.0,60,non_driver_subtype,C4_Hi_ITH_Hi_WGII,Attenuated,0.36,1.4,0
gain_3q,3q,armSCNA,Gain,,,K326,THROMBUS_RV,subclonal,clonal,shared,selected,M,63.0,Clear Cell,N,IV,4.0,145,Multiple_Clonal_Drivers,C3_Lo_ITH_Hi_WGII,Rapid,0.5,1.0,1
gain_3q,3q,armSCNA,Gain,,,K326,LIVER,subclonal,clonal,shared,selected,M,63.0,Clear Cell,N,IV,4.0,145,Multiple_Clonal_Drivers,C3_Lo_ITH_Hi_WGII,Rapid,0.5,1.0,1
gain_20,20,armSCNA,Gain,,,K326,THROMBUS_RV,subclonal,clonal,shared,selected,M,63.0,Clear Cell,N,IV,4.0,145,Multiple_Clonal_Drivers,C3_Lo_ITH_Hi_WGII,Rapid,0.5,1.0,1
gain_20,20,armSCNA,Gain,,,K326,LIVER,subclonal,clonal,shared,selected,M,63.0,Clear Cell,N,IV,4.0,145,Multiple_Clonal_Drivers,C3_Lo_ITH_Hi_WGII,Rapid,0.5,1.0,1
gain_5,5,armSCNA,Gain,,,K326,THROMBUS_RV,subclonal,clonal,shared,selected,M,63.0,Clear Cell,N,IV,4.0,145,Multiple_Clonal_Drivers,C3_Lo_ITH_Hi_WGII,Rapid,0.5,1.0,1
gain_5,5,armSCNA,Gain,,,K326,LIVER,subclonal,clonal,shared,selected,M,63.0,Clear Cell,N,IV,4.0,145,Multiple_Clonal_Drivers,C3_Lo_ITH_Hi_WGII,Rapid,0.5,1.0,1
gain_7,7,armSCNA,Gain,,,K326,THROMBUS_RV,subclonal,clonal,shared,selected,M,63.0,Clear Cell,N,IV,4.0,145,Multiple_Clonal_Drivers,C3_Lo_ITH_Hi_WGII,Rapid,0.5,1.0,1
gain_7,7,armSCNA,Gain,,,K326,LIVER,subclonal,clonal,shared,selected,M,63.0,Clear Cell,N,IV,4.0,145,Multiple_Clonal_Drivers,C3_Lo_ITH_Hi_WGII,Rapid,0.5,1.0,1
gain_10p,10p,armSCNA,Gain,,,K326,THROMBUS_RV,subclonal,clonal,shared,selected,M,63.0,Clear Cell,N,IV,4.0,145,Multiple_Clonal_Drivers,C3_Lo_ITH_Hi_WGII,Rapid,0.5,1.0,1
gain_10p,10p,armSCNA,Gain,,,K326,LIVER,subclonal,clonal,shared,selected,M,63.0,Clear Cell,N,IV,4.0,145,Multiple_Clonal_Drivers,C3_Lo_ITH_Hi_WGII,Rapid,0.5,1.0,1
gain_12,12,armSCNA,Gain,,,K326,THROMBUS_RV,subclonal,clonal,shared,selected,M,63.0,Clear Cell,N,IV,4.0,145,Multiple_Clonal_Drivers,C3_Lo_ITH_Hi_WGII,Rapid,0.5,1.0,1
gain_12,12,armSCNA,Gain,,,K326,LIVER,subclonal,clonal,shared,selected,M,63.0,Clear Cell,N,IV,4.0,145,Multiple_Clonal_Drivers,C3_Lo_ITH_Hi_WGII,Rapid,0.5,1.0,1
gain_17q,17q,armSCNA,Gain,,,K326,THROMBUS_RV,subclonal,clonal,shared,selected,M,63.0,Clear Cell,N,IV,4.0,145,Multiple_Clonal_Drivers,C3_Lo_ITH_Hi_WGII,Rapid,0.5,1.0,1
gain_17q,17q,armSCNA,Gain,,,K326,LIVER,subclonal,,private.to.primary,not_selected,M,63.0,Clear Cell,N,IV,4.0,145,Multiple_Clonal_Drivers,C3_Lo_ITH_Hi_WGII,Rapid,0.5,1.0,0
loss_15q,15q,armSCNA,Loss,,,K326,THROMBUS_RV,subclonal,clonal,shared,selected,M,63.0,Clear Cell,N,IV,4.0,145,Multiple_Clonal_Drivers,C3_Lo_ITH_Hi_WGII,Rapid,0.5,1.0,1
loss_15q,15q,armSCNA,Loss,,,K326,LIVER,subclonal,,private.to.primary,not_selected,M,63.0,Clear Cell,N,IV,4.0,145,Multiple_Clonal_Drivers,C3_Lo_ITH_Hi_WGII,Rapid,0.5,1.0,0
loss_18,18,armSCNA,Loss,,,K326,THROMBUS_RV,subclonal,clonal,shared,selected,M,63.0,Clear Cell,N,IV,4.0,145,Multiple_Clonal_Drivers,C3_Lo_ITH_Hi_WGII,Rapid,0.5,1.0,1
loss_18,18,armSCNA,Loss,,,K326,LIVER,subclonal,,private.to.primary,not_selected,M,63.0,Clear Cell,N,IV,4.0,145,Multiple_Clonal_Drivers,C3_Lo_ITH_Hi_WGII,Rapid,0.5,1.0,0
gain_16,16,armSCNA,Gain,,,K326,THROMBUS_RV,subclonal,,private.to.primary,not_selected,M,63.0,Clear Cell,N,IV,4.0,145,Multiple_Clonal_Drivers,C3_Lo_ITH_Hi_WGII,Rapid,0.5,1.0,0
gain_16,16,armSCNA,Gain,,,K326,LIVER,subclonal,,private.to.primary,not_selected,M,63.0,Clear Cell,N,IV,4.0,145,Multiple_Clonal_Drivers,C3_Lo_ITH_Hi_WGII,Rapid,0.5,1.0,0
gain_17p,17p,armSCNA,Gain,,,K326,THROMBUS_RV,subclonal,,private.to.primary,not_selected,M,63.0,Clear Cell,N,IV,4.0,145,Multiple_Clonal_Drivers,C3_Lo_ITH_Hi_WGII,Rapid,0.5,1.0,0
gain_17p,17p,armSCNA,Gain,,,K326,LIVER,subclonal,,private.to.primary,not_selected,M,63.0,Clear Cell,N,IV,4.0,145,Multiple_Clonal_Drivers,C3_Lo_ITH_Hi_WGII,Rapid,0.5,1.0,0
gain_13q,13q,armSCNA,Gain,,,K326,THROMBUS_RV,subclonal,,private.to.primary,not_selected,M,63.0,Clear Cell,N,IV,4.0,145,Multiple_Clonal_Drivers,C3_Lo_ITH_Hi_WGII,Rapid,0.5,1.0,0
gain_13q,13q,armSCNA,Gain,,,K326,LIVER,subclonal,,private.to.primary,not_selected,M,63.0,Clear Cell,N,IV,4.0,145,Multiple_Clonal_Drivers,C3_Lo_ITH_Hi_WGII,Rapid,0.5,1.0,0
loss_19q,19q,armSCNA,Loss,,,K328,THROMBUS_RV,subclonal,clonal,shared,selected,M,76.0,Clear Cell,N,IV,4.0,150,Multiple_Clonal_Drivers,C3_Lo_ITH_Hi_WGII,,0.71,0.67,1
loss_19p,19p,armSCNA,Loss,,,K328,THROMBUS_RV,subclonal,clonal,shared,selected,M,76.0,Clear Cell,N,IV,4.0,150,Multiple_Clonal_Drivers,C3_Lo_ITH_Hi_WGII,,0.71,0.67,1
loss_17q,17q,armSCNA,Loss,,,K328,THROMBUS_RV,subclonal,clonal,shared,selected,M,76.0,Clear Cell,N,IV,4.0,150,Multiple_Clonal_Drivers,C3_Lo_ITH_Hi_WGII,,0.71,0.67,1
loss_15q,15q,armSCNA,Loss,,,K328,THROMBUS_RV,subclonal,clonal,shared,selected,M,76.0,Clear Cell,N,IV,4.0,150,Multiple_Clonal_Drivers,C3_Lo_ITH_Hi_WGII,,0.71,0.67,1
loss_16p,16p,armSCNA,Loss,,,K328,THROMBUS_RV,subclonal,clonal,shared,selected,M,76.0,Clear Cell,N,IV,4.0,150,Multiple_Clonal_Drivers,C3_Lo_ITH_Hi_WGII,,0.71,0.67,1
loss_22q,22q,armSCNA,Loss,,,K328,THROMBUS_RV,subclonal,clonal,shared,selected,M,76.0,Clear Cell,N,IV,4.0,150,Multiple_Clonal_Drivers,C3_Lo_ITH_Hi_WGII,,0.71,0.67,1
gain_8q,8q,armSCNA,Gain,,,K328,THROMBUS_RV,subclonal,,private.to.primary,not_selected,M,76.0,Clear Cell,N,IV,4.0,150,Multiple_Clonal_Drivers,C3_Lo_ITH_Hi_WGII,,0.71,0.67,0
loss_1p,1p,armSCNA,Loss,,,K328,THROMBUS_RV,subclonal,clonal,shared,selected,M,76.0,Clear Cell,N,IV,4.0,150,Multiple_Clonal_Drivers,C3_Lo_ITH_Hi_WGII,,0.71,0.67,1
loss_18p,18p,armSCNA,Loss,,,K328,THROMBUS_RV,subclonal,,private.to.primary,not_selected,M,76.0,Clear Cell,N,IV,4.0,150,Multiple_Clonal_Drivers,C3_Lo_ITH_Hi_WGII,,0.71,0.67,0
loss_21q,21q,armSCNA,Loss,,,K328,THROMBUS_RV,subclonal,,private.to.primary,not_selected,M,76.0,Clear Cell,N,IV,4.0,150,Multiple_Clonal_Drivers,C3_Lo_ITH_Hi_WGII,,0.71,0.67,0
loss_6p,6p,armSCNA,Loss,,,K328,THROMBUS_RV,subclonal,,private.to.primary,not_selected,M,76.0,Clear Cell,N,IV,4.0,150,Multiple_Clonal_Drivers,C3_Lo_ITH_Hi_WGII,,0.71,0.67,0
loss_10p,10p,armSCNA,Loss,,,K328,THROMBUS_RV,subclonal,,private.to.primary,not_selected,M,76.0,Clear Cell,N,IV,4.0,150,Multiple_Clonal_Drivers,C3_Lo_ITH_Hi_WGII,,0.71,0.67,0
loss_20q,20q,armSCNA,Loss,,,K328,THROMBUS_RV,subclonal,,private.to.primary,not_selected,M,76.0,Clear Cell,N,IV,4.0,150,Multiple_Clonal_Drivers,C3_Lo_ITH_Hi_WGII,,0.71,0.67,0
gain_5q,5q,armSCNA,Gain,,,K328,THROMBUS_RV,subclonal,clonal,shared,selected,M,76.0,Clear Cell,N,IV,4.0,150,Multiple_Clonal_Drivers,C3_Lo_ITH_Hi_WGII,,0.71,0.67,1
loss_1q,1q,armSCNA,Loss,,,K328,THROMBUS_RV,subclonal,clonal,shared,selected,M,76.0,Clear Cell,N,IV,4.0,150,Multiple_Clonal_Drivers,C3_Lo_ITH_Hi_WGII,,0.71,0.67,1
loss_18q,18q,armSCNA,Loss,,,K328,THROMBUS_RV,subclonal,,private.to.primary,not_selected,M,76.0,Clear Cell,N,IV,4.0,150,Multiple_Clonal_Drivers,C3_Lo_ITH_Hi_WGII,,0.71,0.67,0
gain_3q,3q,armSCNA,Gain,,,K328,THROMBUS_RV,subclonal,,private.to.primary,not_selected,M,76.0,Clear Cell,N,IV,4.0,150,Multiple_Clonal_Drivers,C3_Lo_ITH_Hi_WGII,,0.71,0.67,0
gain_6p,6p,armSCNA,Gain,,,K328,THROMBUS_RV,subclonal,,private.to.primary,not_selected,M,76.0,Clear Cell,N,IV,4.0,150,Multiple_Clonal_Drivers,C3_Lo_ITH_Hi_WGII,,0.71,0.67,0
loss_9p,9p,armSCNA,Loss,,,K386,LN_RP,subclonal,clonal,shared,selected,M,52.0,Clear Cell,N,IV,3.0,170,non_driver_subtype,C2_Hi_ITH_Lo_WGII,Attenuated,0.32,1.5,1
loss_14q,14q,armSCNA,Loss,,,K386,LN_RP,subclonal,clonal,shared,selected,M,52.0,Clear Cell,N,IV,3.0,170,non_driver_subtype,C2_Hi_ITH_Lo_WGII,Attenuated,0.32,1.5,1
loss_19p,19p,armSCNA,Loss,,,K386,LN_RP,subclonal,clonal,shared,selected,M,52.0,Clear Cell,N,IV,3.0,170,non_driver_subtype,C2_Hi_ITH_Lo_WGII,Attenuated,0.32,1.5,1
loss_9q,9q,armSCNA,Loss,,,K386,LN_RP,subclonal,,private.to.primary,not_selected,M,52.0,Clear Cell,N,IV,3.0,170,non_driver_subtype,C2_Hi_ITH_Lo_WGII,Attenuated,0.32,1.5,0
loss_22q,22q,armSCNA,Loss,,,K386,LN_RP,subclonal,clonal,shared,selected,M,52.0,Clear Cell,N,IV,3.0,170,non_driver_subtype,C2_Hi_ITH_Lo_WGII,Attenuated,0.32,1.5,1
loss_11q,11q,armSCNA,Loss,,,K386,LN_RP,subclonal,,private.to.primary,not_selected,M,52.0,Clear Cell,N,IV,3.0,170,non_driver_subtype,C2_Hi_ITH_Lo_WGII,Attenuated,0.32,1.5,0
gain_3q,3q,armSCNA,Gain,,,K386,LN_RP,subclonal,,private.to.primary,not_selected,M,52.0,Clear Cell,N,IV,3.0,170,non_driver_subtype,C2_Hi_ITH_Lo_WGII,Attenuated,0.32,1.5,0
gain_8q,8q,armSCNA,Gain,,,K386,LN_RP,subclonal,,private.to.primary,not_selected,M,52.0,Clear Cell,N,IV,3.0,170,non_driver_subtype,C2_Hi_ITH_Lo_WGII,Attenuated,0.32,1.5,0
loss_15q,15q,armSCNA,Loss,,,K427,ADRENAL_CL,subclonal,clonal,shared,selected,M,72.0,Clear Cell,Y,IV,4.0,130,VHL_wt,C4_Hi_ITH_Hi_WGII,Attenuated,0.79,3.33,1
loss_15q,15q,armSCNA,Loss,,,K427,THROMBUS_IVC,subclonal,clonal,shared,selected,M,72.0,Clear Cell,Y,IV,4.0,130,VHL_wt,C4_Hi_ITH_Hi_WGII,Attenuated,0.79,3.33,1
loss_15q,15q,armSCNA,Loss,,,K427,ADRENAL_IL,subclonal,clonal,shared,selected,M,72.0,Clear Cell,Y,IV,4.0,130,VHL_wt,C4_Hi_ITH_Hi_WGII,Attenuated,0.79,3.33,1
loss_1p,1p,armSCNA,Loss,,,K427,ADRENAL_CL,subclonal,clonal,shared,selected,M,72.0,Clear Cell,Y,IV,4.0,130,VHL_wt,C4_Hi_ITH_Hi_WGII,Attenuated,0.79,3.33,1
loss_1p,1p,armSCNA,Loss,,,K427,THROMBUS_IVC,subclonal,clonal,shared,selected,M,72.0,Clear Cell,Y,IV,4.0,130,VHL_wt,C4_Hi_ITH_Hi_WGII,Attenuated,0.79,3.33,1
gain_3q,3q,armSCNA,Gain,,,K427,ADRENAL_CL,subclonal,clonal,shared,selected,M,72.0,Clear Cell,Y,IV,4.0,130,VHL_wt,C4_Hi_ITH_Hi_WGII,Attenuated,0.79,3.33,1
gain_3q,3q,armSCNA,Gain,,,K427,THROMBUS_IVC,subclonal,clonal,shared,selected,M,72.0,Clear Cell,Y,IV,4.0,130,VHL_wt,C4_Hi_ITH_Hi_WGII,Attenuated,0.79,3.33,1
gain_3q,3q,armSCNA,Gain,,,K427,ADRENAL_IL,subclonal,clonal,shared,selected,M,72.0,Clear Cell,Y,IV,4.0,130,VHL_wt,C4_Hi_ITH_Hi_WGII,Attenuated,0.79,3.33,1
gain_20p,20p,armSCNA,Gain,,,K427,ADRENAL_CL,subclonal,clonal,shared,selected,M,72.0,Clear Cell,Y,IV,4.0,130,VHL_wt,C4_Hi_ITH_Hi_WGII,Attenuated,0.79,3.33,1
gain_20p,20p,armSCNA,Gain,,,K427,THROMBUS_IVC,subclonal,clonal,shared,selected,M,72.0,Clear Cell,Y,IV,4.0,130,VHL_wt,C4_Hi_ITH_Hi_WGII,Attenuated,0.79,3.33,1
gain_20p,20p,armSCNA,Gain,,,K427,ADRENAL_IL,subclonal,clonal,shared,selected,M,72.0,Clear Cell,Y,IV,4.0,130,VHL_wt,C4_Hi_ITH_Hi_WGII,Attenuated,0.79,3.33,1
gain_2p,2p,armSCNA,Gain,,,K427,ADRENAL_CL,subclonal,clonal,shared,selected,M,72.0,Clear Cell,Y,IV,4.0,130,VHL_wt,C4_Hi_ITH_Hi_WGII,Attenuated,0.79,3.33,1
gain_2p,2p,armSCNA,Gain,,,K427,THROMBUS_IVC,subclonal,clonal,shared,selected,M,72.0,Clear Cell,Y,IV,4.0,130,VHL_wt,C4_Hi_ITH_Hi_WGII,Attenuated,0.79,3.33,1
gain_2p,2p,armSCNA,Gain,,,K427,ADRENAL_IL,subclonal,clonal,shared,selected,M,72.0,Clear Cell,Y,IV,4.0,130,VHL_wt,C4_Hi_ITH_Hi_WGII,Attenuated,0.79,3.33,1
gain_7p,7p,armSCNA,Gain,,,K427,ADRENAL_CL,subclonal,clonal,shared,selected,M,72.0,Clear Cell,Y,IV,4.0,130,VHL_wt,C4_Hi_ITH_Hi_WGII,Attenuated,0.79,3.33,1
gain_7p,7p,armSCNA,Gain,,,K427,THROMBUS_IVC,subclonal,clonal,shared,selected,M,72.0,Clear Cell,Y,IV,4.0,130,VHL_wt,C4_Hi_ITH_Hi_WGII,Attenuated,0.79,3.33,1
gain_7p,7p,armSCNA,Gain,,,K427,ADRENAL_IL,subclonal,clonal,shared,selected,M,72.0,Clear Cell,Y,IV,4.0,130,VHL_wt,C4_Hi_ITH_Hi_WGII,Attenuated,0.79,3.33,1
gain_20q,20q,armSCNA,Gain,,,K427,ADRENAL_CL,subclonal,clonal,shared,selected,M,72.0,Clear Cell,Y,IV,4.0,130,VHL_wt,C4_Hi_ITH_Hi_WGII,Attenuated,0.79,3.33,1
gain_20q,20q,armSCNA,Gain,,,K427,THROMBUS_IVC,subclonal,clonal,shared,selected,M,72.0,Clear Cell,Y,IV,4.0,130,VHL_wt,C4_Hi_ITH_Hi_WGII,Attenuated,0.79,3.33,1
gain_20q,20q,armSCNA,Gain,,,K427,ADRENAL_IL,subclonal,clonal,shared,selected,M,72.0,Clear Cell,Y,IV,4.0,130,VHL_wt,C4_Hi_ITH_Hi_WGII,Attenuated,0.79,3.33,1
loss_9p,9p,armSCNA,Loss,,,K427,ADRENAL_CL,subclonal,clonal,shared,selected,M,72.0,Clear Cell,Y,IV,4.0,130,VHL_wt,C4_Hi_ITH_Hi_WGII,Attenuated,0.79,3.33,1
loss_9p,9p,armSCNA,Loss,,,K427,THROMBUS_IVC,subclonal,clonal,shared,selected,M,72.0,Clear Cell,Y,IV,4.0,130,VHL_wt,C4_Hi_ITH_Hi_WGII,Attenuated,0.79,3.33,1
loss_9p,9p,armSCNA,Loss,,,K427,ADRENAL_IL,subclonal,clonal,shared,selected,M,72.0,Clear Cell,Y,IV,4.0,130,VHL_wt,C4_Hi_ITH_Hi_WGII,Attenuated,0.79,3.33,1
loss_22q,22q,armSCNA,Loss,,,K427,ADRENAL_CL,subclonal,clonal,shared,selected,M,72.0,Clear Cell,Y,IV,4.0,130,VHL_wt,C4_Hi_ITH_Hi_WGII,Attenuated,0.79,3.33,1
loss_22q,22q,armSCNA,Loss,,,K427,THROMBUS_IVC,subclonal,clonal,shared,selected,M,72.0,Clear Cell,Y,IV,4.0,130,VHL_wt,C4_Hi_ITH_Hi_WGII,Attenuated,0.79,3.33,1
loss_22q,22q,armSCNA,Loss,,,K427,ADRENAL_IL,subclonal,clonal,shared,selected,M,72.0,Clear Cell,Y,IV,4.0,130,VHL_wt,C4_Hi_ITH_Hi_WGII,Attenuated,0.79,3.33,1
gain_8p,8p,armSCNA,Gain,,,K427,ADRENAL_CL,subclonal,clonal,shared,selected,M,72.0,Clear Cell,Y,IV,4.0,130,VHL_wt,C4_Hi_ITH_Hi_WGII,Attenuated,0.79,3.33,1
gain_8p,8p,armSCNA,Gain,,,K427,THROMBUS_IVC,subclonal,clonal,shared,selected,M,72.0,Clear Cell,Y,IV,4.0,130,VHL_wt,C4_Hi_ITH_Hi_WGII,Attenuated,0.79,3.33,1
gain_8p,8p,armSCNA,Gain,,,K427,ADRENAL_IL,subclonal,clonal,shared,selected,M,72.0,Clear Cell,Y,IV,4.0,130,VHL_wt,C4_Hi_ITH_Hi_WGII,Attenuated,0.79,3.33,1
loss_21q,21q,armSCNA,Loss,,,K427,ADRENAL_CL,subclonal,clonal,shared,selected,M,72.0,Clear Cell,Y,IV,4.0,130,VHL_wt,C4_Hi_ITH_Hi_WGII,Attenuated,0.79,3.33,1
loss_21q,21q,armSCNA,Loss,,,K427,THROMBUS_IVC,subclonal,clonal,shared,selected,M,72.0,Clear Cell,Y,IV,4.0,130,VHL_wt,C4_Hi_ITH_Hi_WGII,Attenuated,0.79,3.33,1
gain_1q,1q,armSCNA,Gain,,,K427,ADRENAL_CL,subclonal,clonal,shared,selected,M,72.0,Clear Cell,Y,IV,4.0,130,VHL_wt,C4_Hi_ITH_Hi_WGII,Attenuated,0.79,3.33,1
gain_5p,5p,armSCNA,Gain,,,K427,ADRENAL_CL,subclonal,clonal,shared,selected,M,72.0,Clear Cell,Y,IV,4.0,130,VHL_wt,C4_Hi_ITH_Hi_WGII,Attenuated,0.79,3.33,1
gain_5p,5p,armSCNA,Gain,,,K427,THROMBUS_IVC,subclonal,clonal,shared,selected,M,72.0,Clear Cell,Y,IV,4.0,130,VHL_wt,C4_Hi_ITH_Hi_WGII,Attenuated,0.79,3.33,1
gain_5p,5p,armSCNA,Gain,,,K427,ADRENAL_IL,subclonal,clonal,shared,selected,M,72.0,Clear Cell,Y,IV,4.0,130,VHL_wt,C4_Hi_ITH_Hi_WGII,Attenuated,0.79,3.33,1
loss_4p,4p,armSCNA,Loss,,,K427,THROMBUS_IVC,subclonal,clonal,shared,selected,M,72.0,Clear Cell,Y,IV,4.0,130,VHL_wt,C4_Hi_ITH_Hi_WGII,Attenuated,0.79,3.33,1
loss_4p,4p,armSCNA,Loss,,,K427,ADRENAL_IL,subclonal,clonal,shared,selected,M,72.0,Clear Cell,Y,IV,4.0,130,VHL_wt,C4_Hi_ITH_Hi_WGII,Attenuated,0.79,3.33,1
gain_12q,12q,armSCNA,Gain,,,K427,ADRENAL_CL,subclonal,clonal,shared,selected,M,72.0,Clear Cell,Y,IV,4.0,130,VHL_wt,C4_Hi_ITH_Hi_WGII,Attenuated,0.79,3.33,1
gain_12q,12q,armSCNA,Gain,,,K427,ADRENAL_IL,subclonal,clonal,shared,selected,M,72.0,Clear Cell,Y,IV,4.0,130,VHL_wt,C4_Hi_ITH_Hi_WGII,Attenuated,0.79,3.33,1
gain_7q,7q,armSCNA,Gain,,,K427,ADRENAL_CL,subclonal,clonal,shared,selected,M,72.0,Clear Cell,Y,IV,4.0,130,VHL_wt,C4_Hi_ITH_Hi_WGII,Attenuated,0.79,3.33,1
gain_7q,7q,armSCNA,Gain,,,K427,ADRENAL_IL,subclonal,clonal,shared,selected,M,72.0,Clear Cell,Y,IV,4.0,130,VHL_wt,C4_Hi_ITH_Hi_WGII,Attenuated,0.79,3.33,1
gain_5q,5q,armSCNA,Gain,,,K427,ADRENAL_CL,subclonal,clonal,shared,selected,M,72.0,Clear Cell,Y,IV,4.0,130,VHL_wt,C4_Hi_ITH_Hi_WGII,Attenuated,0.79,3.33,1
gain_5q,5q,armSCNA,Gain,,,K427,THROMBUS_IVC,subclonal,clonal,shared,selected,M,72.0,Clear Cell,Y,IV,4.0,130,VHL_wt,C4_Hi_ITH_Hi_WGII,Attenuated,0.79,3.33,1
gain_5q,5q,armSCNA,Gain,,,K427,ADRENAL_IL,subclonal,clonal,shared,selected,M,72.0,Clear Cell,Y,IV,4.0,130,VHL_wt,C4_Hi_ITH_Hi_WGII,Attenuated,0.79,3.33,1
gain_14q,14q,armSCNA,Gain,,,K427,ADRENAL_CL,subclonal,clonal,shared,selected,M,72.0,Clear Cell,Y,IV,4.0,130,VHL_wt,C4_Hi_ITH_Hi_WGII,Attenuated,0.79,3.33,1
gain_14q,14q,armSCNA,Gain,,,K427,ADRENAL_IL,subclonal,clonal,shared,selected,M,72.0,Clear Cell,Y,IV,4.0,130,VHL_wt,C4_Hi_ITH_Hi_WGII,Attenuated,0.79,3.33,1
gain_17p,17p,armSCNA,Gain,,,K427,ADRENAL_CL,subclonal,clonal,shared,selected,M,72.0,Clear Cell,Y,IV,4.0,130,VHL_wt,C4_Hi_ITH_Hi_WGII,Attenuated,0.79,3.33,1
gain_12p,12p,armSCNA,Gain,,,K427,ADRENAL_CL,subclonal,clonal,shared,selected,M,72.0,Clear Cell,Y,IV,4.0,130,VHL_wt,C4_Hi_ITH_Hi_WGII,Attenuated,0.79,3.33,1
gain_8q,8q,armSCNA,Gain,,,K427,ADRENAL_CL,subclonal,clonal,shared,selected,M,72.0,Clear Cell,Y,IV,4.0,130,VHL_wt,C4_Hi_ITH_Hi_WGII,Attenuated,0.79,3.33,1
gain_8q,8q,armSCNA,Gain,,,K427,ADRENAL_IL,subclonal,clonal,shared,selected,M,72.0,Clear Cell,Y,IV,4.0,130,VHL_wt,C4_Hi_ITH_Hi_WGII,Attenuated,0.79,3.33,1
gain_2q,2q,armSCNA,Gain,,,K427,ADRENAL_CL,subclonal,clonal,shared,selected,M,72.0,Clear Cell,Y,IV,4.0,130,VHL_wt,C4_Hi_ITH_Hi_WGII,Attenuated,0.79,3.33,1
gain_2q,2q,armSCNA,Gain,,,K427,ADRENAL_IL,subclonal,,private.to.primary,not_selected,M,72.0,Clear Cell,Y,IV,4.0,130,VHL_wt,C4_Hi_ITH_Hi_WGII,Attenuated,0.79,3.33,0
gain_18p,18p,armSCNA,Gain,,,K427,ADRENAL_CL,subclonal,,private.to.primary,not_selected,M,72.0,Clear Cell,Y,IV,4.0,130,VHL_wt,C4_Hi_ITH_Hi_WGII,Attenuated,0.79,3.33,0
gain_18p,18p,armSCNA,Gain,,,K427,THROMBUS_IVC,subclonal,clonal,shared,selected,M,72.0,Clear Cell,Y,IV,4.0,130,VHL_wt,C4_Hi_ITH_Hi_WGII,Attenuated,0.79,3.33,1
gain_18p,18p,armSCNA,Gain,,,K427,ADRENAL_IL,subclonal,,private.to.primary,not_selected,M,72.0,Clear Cell,Y,IV,4.0,130,VHL_wt,C4_Hi_ITH_Hi_WGII,Attenuated,0.79,3.33,0
gain_18q,18q,armSCNA,Gain,,,K427,ADRENAL_CL,subclonal,,private.to.primary,not_selected,M,72.0,Clear Cell,Y,IV,4.0,130,VHL_wt,C4_Hi_ITH_Hi_WGII,Attenuated,0.79,3.33,0
gain_18q,18q,armSCNA,Gain,,,K427,THROMBUS_IVC,subclonal,clonal,shared,selected,M,72.0,Clear Cell,Y,IV,4.0,130,VHL_wt,C4_Hi_ITH_Hi_WGII,Attenuated,0.79,3.33,1
gain_18q,18q,armSCNA,Gain,,,K427,ADRENAL_IL,subclonal,,private.to.primary,not_selected,M,72.0,Clear Cell,Y,IV,4.0,130,VHL_wt,C4_Hi_ITH_Hi_WGII,Attenuated,0.79,3.33,0
loss_10p,10p,armSCNA,Loss,,,K427,ADRENAL_CL,subclonal,clonal,shared,selected,M,72.0,Clear Cell,Y,IV,4.0,130,VHL_wt,C4_Hi_ITH_Hi_WGII,Attenuated,0.79,3.33,1
gain_19q,19q,armSCNA,Gain,,,K427,THROMBUS_IVC,subclonal,,private.to.primary,not_selected,M,72.0,Clear Cell,Y,IV,4.0,130,VHL_wt,C4_Hi_ITH_Hi_WGII,Attenuated,0.79,3.33,0
gain_19p,19p,armSCNA,Gain,,,K427,THROMBUS_IVC,subclonal,,private.to.primary,not_selected,M,72.0,Clear Cell,Y,IV,4.0,130,VHL_wt,C4_Hi_ITH_Hi_WGII,Attenuated,0.79,3.33,0
gain_19p,19p,armSCNA,Gain,,,K427,ADRENAL_IL,subclonal,,private.to.primary,not_selected,M,72.0,Clear Cell,Y,IV,4.0,130,VHL_wt,C4_Hi_ITH_Hi_WGII,Attenuated,0.79,3.33,0
loss_10q,10q,armSCNA,Loss,,,K427,ADRENAL_CL,subclonal,clonal,shared,selected,M,72.0,Clear Cell,Y,IV,4.0,130,VHL_wt,C4_Hi_ITH_Hi_WGII,Attenuated,0.79,3.33,1
loss_10q,10q,armSCNA,Loss,,,K427,THROMBUS_IVC,subclonal,,private.to.primary,not_selected,M,72.0,Clear Cell,Y,IV,4.0,130,VHL_wt,C4_Hi_ITH_Hi_WGII,Attenuated,0.79,3.33,0
loss_18p,18p,armSCNA,Loss,,,K427,ADRENAL_CL,subclonal,,private.to.primary,not_selected,M,72.0,Clear Cell,Y,IV,4.0,130,VHL_wt,C4_Hi_ITH_Hi_WGII,Attenuated,0.79,3.33,0
loss_18p,18p,armSCNA,Loss,,,K427,THROMBUS_IVC,subclonal,,private.to.primary,not_selected,M,72.0,Clear Cell,Y,IV,4.0,130,VHL_wt,C4_Hi_ITH_Hi_WGII,Attenuated,0.79,3.33,0
loss_18q,18q,armSCNA,Loss,,,K427,ADRENAL_CL,subclonal,,private.to.primary,not_selected,M,72.0,Clear Cell,Y,IV,4.0,130,VHL_wt,C4_Hi_ITH_Hi_WGII,Attenuated,0.79,3.33,0
loss_18q,18q,armSCNA,Loss,,,K427,THROMBUS_IVC,subclonal,,private.to.primary,not_selected,M,72.0,Clear Cell,Y,IV,4.0,130,VHL_wt,C4_Hi_ITH_Hi_WGII,Attenuated,0.79,3.33,0
loss_16p,16p,armSCNA,Loss,,,K427,ADRENAL_CL,subclonal,,private.to.primary,not_selected,M,72.0,Clear Cell,Y,IV,4.0,130,VHL_wt,C4_Hi_ITH_Hi_WGII,Attenuated,0.79,3.33,0
loss_16p,16p,armSCNA,Loss,,,K427,THROMBUS_IVC,subclonal,,private.to.primary,not_selected,M,72.0,Clear Cell,Y,IV,4.0,130,VHL_wt,C4_Hi_ITH_Hi_WGII,Attenuated,0.79,3.33,0
loss_13q,13q,armSCNA,Loss,,,K427,ADRENAL_CL,subclonal,,private.to.primary,not_selected,M,72.0,Clear Cell,Y,IV,4.0,130,VHL_wt,C4_Hi_ITH_Hi_WGII,Attenuated,0.79,3.33,0
loss_13q,13q,armSCNA,Loss,,,K427,ADRENAL_IL,subclonal,,private.to.primary,not_selected,M,72.0,Clear Cell,Y,IV,4.0,130,VHL_wt,C4_Hi_ITH_Hi_WGII,Attenuated,0.79,3.33,0
gain_11p,11p,armSCNA,Gain,,,K427,ADRENAL_CL,subclonal,,private.to.primary,not_selected,M,72.0,Clear Cell,Y,IV,4.0,130,VHL_wt,C4_Hi_ITH_Hi_WGII,Attenuated,0.79,3.33,0
gain_11p,11p,armSCNA,Gain,,,K427,THROMBUS_IVC,subclonal,,private.to.primary,not_selected,M,72.0,Clear Cell,Y,IV,4.0,130,VHL_wt,C4_Hi_ITH_Hi_WGII,Attenuated,0.79,3.33,0
loss_6q,6q,armSCNA,Loss,,,K427,ADRENAL_CL,subclonal,,private.to.primary,not_selected,M,72.0,Clear Cell,Y,IV,4.0,130,VHL_wt,C4_Hi_ITH_Hi_WGII,Attenuated,0.79,3.33,0
loss_6q,6q,armSCNA,Loss,,,K427,THROMBUS_IVC,subclonal,,private.to.primary,not_selected,M,72.0,Clear Cell,Y,IV,4.0,130,VHL_wt,C4_Hi_ITH_Hi_WGII,Attenuated,0.79,3.33,0
loss_6q,6q,armSCNA,Loss,,,K427,ADRENAL_IL,subclonal,,private.to.primary,not_selected,M,72.0,Clear Cell,Y,IV,4.0,130,VHL_wt,C4_Hi_ITH_Hi_WGII,Attenuated,0.79,3.33,0
loss_6p,6p,armSCNA,Loss,,,K427,ADRENAL_CL,subclonal,,private.to.primary,not_selected,M,72.0,Clear Cell,Y,IV,4.0,130,VHL_wt,C4_Hi_ITH_Hi_WGII,Attenuated,0.79,3.33,0
loss_6p,6p,armSCNA,Loss,,,K427,THROMBUS_IVC,subclonal,,private.to.primary,not_selected,M,72.0,Clear Cell,Y,IV,4.0,130,VHL_wt,C4_Hi_ITH_Hi_WGII,Attenuated,0.79,3.33,0
loss_6p,6p,armSCNA,Loss,,,K427,ADRENAL_IL,subclonal,,private.to.primary,not_selected,M,72.0,Clear Cell,Y,IV,4.0,130,VHL_wt,C4_Hi_ITH_Hi_WGII,Attenuated,0.79,3.33,0
loss_11,11,armSCNA,Loss,,,K427,ADRENAL_CL,subclonal,,private.to.primary,not_selected,M,72.0,Clear Cell,Y,IV,4.0,130,VHL_wt,C4_Hi_ITH_Hi_WGII,Attenuated,0.79,3.33,0
loss_11,11,armSCNA,Loss,,,K427,THROMBUS_IVC,subclonal,,private.to.primary,not_selected,M,72.0,Clear Cell,Y,IV,4.0,130,VHL_wt,C4_Hi_ITH_Hi_WGII,Attenuated,0.79,3.33,0
loss_11,11,armSCNA,Loss,,,K427,ADRENAL_IL,subclonal,,private.to.primary,not_selected,M,72.0,Clear Cell,Y,IV,4.0,130,VHL_wt,C4_Hi_ITH_Hi_WGII,Attenuated,0.79,3.33,0
loss_19p,19p,armSCNA,Loss,,,K427,ADRENAL_CL,subclonal,,private.to.primary,not_selected,M,72.0,Clear Cell,Y,IV,4.0,130,VHL_wt,C4_Hi_ITH_Hi_WGII,Attenuated,0.79,3.33,0
loss_19p,19p,armSCNA,Loss,,,K427,THROMBUS_IVC,subclonal,,private.to.primary,not_selected,M,72.0,Clear Cell,Y,IV,4.0,130,VHL_wt,C4_Hi_ITH_Hi_WGII,Attenuated,0.79,3.33,0
loss_19p,19p,armSCNA,Loss,,,K427,ADRENAL_IL,subclonal,,private.to.primary,not_selected,M,72.0,Clear Cell,Y,IV,4.0,130,VHL_wt,C4_Hi_ITH_Hi_WGII,Attenuated,0.79,3.33,0
loss_16q,16q,armSCNA,Loss,,,K427,ADRENAL_CL,subclonal,,private.to.primary,not_selected,M,72.0,Clear Cell,Y,IV,4.0,130,VHL_wt,C4_Hi_ITH_Hi_WGII,Attenuated,0.79,3.33,0
loss_16q,16q,armSCNA,Loss,,,K427,THROMBUS_IVC,subclonal,,private.to.primary,not_selected,M,72.0,Clear Cell,Y,IV,4.0,130,VHL_wt,C4_Hi_ITH_Hi_WGII,Attenuated,0.79,3.33,0
loss_16q,16q,armSCNA,Loss,,,K427,ADRENAL_IL,subclonal,,private.to.primary,not_selected,M,72.0,Clear Cell,Y,IV,4.0,130,VHL_wt,C4_Hi_ITH_Hi_WGII,Attenuated,0.79,3.33,0
loss_19q,19q,armSCNA,Loss,,,K427,ADRENAL_CL,subclonal,,private.to.primary,not_selected,M,72.0,Clear Cell,Y,IV,4.0,130,VHL_wt,C4_Hi_ITH_Hi_WGII,Attenuated,0.79,3.33,0
loss_19q,19q,armSCNA,Loss,,,K427,THROMBUS_IVC,subclonal,,private.to.primary,not_selected,M,72.0,Clear Cell,Y,IV,4.0,130,VHL_wt,C4_Hi_ITH_Hi_WGII,Attenuated,0.79,3.33,0
loss_19q,19q,armSCNA,Loss,,,K427,ADRENAL_IL,subclonal,,private.to.primary,not_selected,M,72.0,Clear Cell,Y,IV,4.0,130,VHL_wt,C4_Hi_ITH_Hi_WGII,Attenuated,0.79,3.33,0
gain_12,12,armSCNA,Gain,,,K096,THROMBUS_IVC,subclonal,clonal,shared,selected,F,68.0,Clear Cell,Y,IV,4.0,135,BAP1_driven,C4_Hi_ITH_Hi_WGII,Attenuated,0.6,3.0,1
gain_12,12,armSCNA,Gain,,,K096,ADRENAL_IL,subclonal,clonal,shared,selected,F,68.0,Clear Cell,Y,IV,4.0,135,BAP1_driven,C4_Hi_ITH_Hi_WGII,Attenuated,0.6,3.0,1
gain_12,12,armSCNA,Gain,,,K096,LN_HI,subclonal,clonal,shared,selected,F,68.0,Clear Cell,Y,IV,4.0,135,BAP1_driven,C4_Hi_ITH_Hi_WGII,Attenuated,0.6,3.0,1
gain_12,12,armSCNA,Gain,,,K096,LN_PA,subclonal,clonal,shared,selected,F,68.0,Clear Cell,Y,IV,4.0,135,BAP1_driven,C4_Hi_ITH_Hi_WGII,Attenuated,0.6,3.0,1
gain_20,20,armSCNA,Gain,,,K096,THROMBUS_IVC,subclonal,clonal,shared,selected,F,68.0,Clear Cell,Y,IV,4.0,135,BAP1_driven,C4_Hi_ITH_Hi_WGII,Attenuated,0.6,3.0,1
gain_20,20,armSCNA,Gain,,,K096,ADRENAL_IL,subclonal,clonal,shared,selected,F,68.0,Clear Cell,Y,IV,4.0,135,BAP1_driven,C4_Hi_ITH_Hi_WGII,Attenuated,0.6,3.0,1
gain_20,20,armSCNA,Gain,,,K096,LN_HI,subclonal,clonal,shared,selected,F,68.0,Clear Cell,Y,IV,4.0,135,BAP1_driven,C4_Hi_ITH_Hi_WGII,Attenuated,0.6,3.0,1
gain_20,20,armSCNA,Gain,,,K096,LN_PA,subclonal,clonal,shared,selected,F,68.0,Clear Cell,Y,IV,4.0,135,BAP1_driven,C4_Hi_ITH_Hi_WGII,Attenuated,0.6,3.0,1
loss_4,4,armSCNA,Loss,,,K096,THROMBUS_IVC,subclonal,clonal,shared,selected,F,68.0,Clear Cell,Y,IV,4.0,135,BAP1_driven,C4_Hi_ITH_Hi_WGII,Attenuated,0.6,3.0,1
loss_4,4,armSCNA,Loss,,,K096,ADRENAL_IL,subclonal,clonal,shared,selected,F,68.0,Clear Cell,Y,IV,4.0,135,BAP1_driven,C4_Hi_ITH_Hi_WGII,Attenuated,0.6,3.0,1
loss_4,4,armSCNA,Loss,,,K096,LN_HI,subclonal,clonal,shared,selected,F,68.0,Clear Cell,Y,IV,4.0,135,BAP1_driven,C4_Hi_ITH_Hi_WGII,Attenuated,0.6,3.0,1
loss_4,4,armSCNA,Loss,,,K096,LN_PA,subclonal,clonal,shared,selected,F,68.0,Clear Cell,Y,IV,4.0,135,BAP1_driven,C4_Hi_ITH_Hi_WGII,Attenuated,0.6,3.0,1
loss_9,9,armSCNA,Loss,,,K096,THROMBUS_IVC,subclonal,clonal,shared,selected,F,68.0,Clear Cell,Y,IV,4.0,135,BAP1_driven,C4_Hi_ITH_Hi_WGII,Attenuated,0.6,3.0,1
loss_9,9,armSCNA,Loss,,,K096,ADRENAL_IL,subclonal,clonal,shared,selected,F,68.0,Clear Cell,Y,IV,4.0,135,BAP1_driven,C4_Hi_ITH_Hi_WGII,Attenuated,0.6,3.0,1
loss_9,9,armSCNA,Loss,,,K096,LN_HI,subclonal,clonal,shared,selected,F,68.0,Clear Cell,Y,IV,4.0,135,BAP1_driven,C4_Hi_ITH_Hi_WGII,Attenuated,0.6,3.0,1
loss_9,9,armSCNA,Loss,,,K096,LN_PA,subclonal,clonal,shared,selected,F,68.0,Clear Cell,Y,IV,4.0,135,BAP1_driven,C4_Hi_ITH_Hi_WGII,Attenuated,0.6,3.0,1
gain_8q,8q,armSCNA,Gain,,,K096,THROMBUS_IVC,subclonal,clonal,shared,selected,F,68.0,Clear Cell,Y,IV,4.0,135,BAP1_driven,C4_Hi_ITH_Hi_WGII,Attenuated,0.6,3.0,1
gain_8q,8q,armSCNA,Gain,,,K096,ADRENAL_IL,subclonal,clonal,shared,selected,F,68.0,Clear Cell,Y,IV,4.0,135,BAP1_driven,C4_Hi_ITH_Hi_WGII,Attenuated,0.6,3.0,1
gain_8q,8q,armSCNA,Gain,,,K096,LN_HI,subclonal,clonal,shared,selected,F,68.0,Clear Cell,Y,IV,4.0,135,BAP1_driven,C4_Hi_ITH_Hi_WGII,Attenuated,0.6,3.0,1
gain_8q,8q,armSCNA,Gain,,,K096,LN_PA,subclonal,clonal,shared,selected,F,68.0,Clear Cell,Y,IV,4.0,135,BAP1_driven,C4_Hi_ITH_Hi_WGII,Attenuated,0.6,3.0,1
loss_19p,19p,armSCNA,Loss,,,K096,ADRENAL_IL,subclonal,,private.to.primary,not_selected,F,68.0,Clear Cell,Y,IV,4.0,135,BAP1_driven,C4_Hi_ITH_Hi_WGII,Attenuated,0.6,3.0,0
loss_19p,19p,armSCNA,Loss,,,K096,LN_HI,subclonal,,private.to.primary,not_selected,F,68.0,Clear Cell,Y,IV,4.0,135,BAP1_driven,C4_Hi_ITH_Hi_WGII,Attenuated,0.6,3.0,0
loss_19p,19p,armSCNA,Loss,,,K096,LN_PA,subclonal,,private.to.primary,not_selected,F,68.0,Clear Cell,Y,IV,4.0,135,BAP1_driven,C4_Hi_ITH_Hi_WGII,Attenuated,0.6,3.0,0
gain_5p,5p,armSCNA,Gain,,,K096,THROMBUS_IVC,subclonal,,private.to.primary,not_selected,F,68.0,Clear Cell,Y,IV,4.0,135,BAP1_driven,C4_Hi_ITH_Hi_WGII,Attenuated,0.6,3.0,0
gain_5p,5p,armSCNA,Gain,,,K096,ADRENAL_IL,subclonal,,private.to.primary,not_selected,F,68.0,Clear Cell,Y,IV,4.0,135,BAP1_driven,C4_Hi_ITH_Hi_WGII,Attenuated,0.6,3.0,0
gain_5p,5p,armSCNA,Gain,,,K096,LN_HI,subclonal,,private.to.primary,not_selected,F,68.0,Clear Cell,Y,IV,4.0,135,BAP1_driven,C4_Hi_ITH_Hi_WGII,Attenuated,0.6,3.0,0
gain_5p,5p,armSCNA,Gain,,,K096,LN_PA,subclonal,,private.to.primary,not_selected,F,68.0,Clear Cell,Y,IV,4.0,135,BAP1_driven,C4_Hi_ITH_Hi_WGII,Attenuated,0.6,3.0,0
gain_7p,7p,armSCNA,Gain,,,K096,ADRENAL_IL,subclonal,,private.to.primary,not_selected,F,68.0,Clear Cell,Y,IV,4.0,135,BAP1_driven,C4_Hi_ITH_Hi_WGII,Attenuated,0.6,3.0,0
gain_7p,7p,armSCNA,Gain,,,K096,LN_HI,subclonal,,private.to.primary,not_selected,F,68.0,Clear Cell,Y,IV,4.0,135,BAP1_driven,C4_Hi_ITH_Hi_WGII,Attenuated,0.6,3.0,0
gain_7p,7p,armSCNA,Gain,,,K096,LN_PA,subclonal,,private.to.primary,not_selected,F,68.0,Clear Cell,Y,IV,4.0,135,BAP1_driven,C4_Hi_ITH_Hi_WGII,Attenuated,0.6,3.0,0
gain_1,1,armSCNA,Gain,,,K096,THROMBUS_IVC,subclonal,,private.to.primary,not_selected,F,68.0,Clear Cell,Y,IV,4.0,135,BAP1_driven,C4_Hi_ITH_Hi_WGII,Attenuated,0.6,3.0,0
gain_1,1,armSCNA,Gain,,,K096,ADRENAL_IL,subclonal,,private.to.primary,not_selected,F,68.0,Clear Cell,Y,IV,4.0,135,BAP1_driven,C4_Hi_ITH_Hi_WGII,Attenuated,0.6,3.0,0
gain_1,1,armSCNA,Gain,,,K096,LN_HI,subclonal,,private.to.primary,not_selected,F,68.0,Clear Cell,Y,IV,4.0,135,BAP1_driven,C4_Hi_ITH_Hi_WGII,Attenuated,0.6,3.0,0
gain_1,1,armSCNA,Gain,,,K096,LN_PA,subclonal,,private.to.primary,not_selected,F,68.0,Clear Cell,Y,IV,4.0,135,BAP1_driven,C4_Hi_ITH_Hi_WGII,Attenuated,0.6,3.0,0
gain_2,2,armSCNA,Gain,,,K096,THROMBUS_IVC,subclonal,,private.to.primary,not_selected,F,68.0,Clear Cell,Y,IV,4.0,135,BAP1_driven,C4_Hi_ITH_Hi_WGII,Attenuated,0.6,3.0,0
gain_2,2,armSCNA,Gain,,,K096,ADRENAL_IL,subclonal,,private.to.primary,not_selected,F,68.0,Clear Cell,Y,IV,4.0,135,BAP1_driven,C4_Hi_ITH_Hi_WGII,Attenuated,0.6,3.0,0
gain_2,2,armSCNA,Gain,,,K096,LN_HI,subclonal,,private.to.primary,not_selected,F,68.0,Clear Cell,Y,IV,4.0,135,BAP1_driven,C4_Hi_ITH_Hi_WGII,Attenuated,0.6,3.0,0
gain_2,2,armSCNA,Gain,,,K096,LN_PA,subclonal,,private.to.primary,not_selected,F,68.0,Clear Cell,Y,IV,4.0,135,BAP1_driven,C4_Hi_ITH_Hi_WGII,Attenuated,0.6,3.0,0
gain_3q,3q,armSCNA,Gain,,,K096,THROMBUS_IVC,subclonal,,private.to.primary,not_selected,F,68.0,Clear Cell,Y,IV,4.0,135,BAP1_driven,C4_Hi_ITH_Hi_WGII,Attenuated,0.6,3.0,0
gain_3q,3q,armSCNA,Gain,,,K096,ADRENAL_IL,subclonal,,private.to.primary,not_selected,F,68.0,Clear Cell,Y,IV,4.0,135,BAP1_driven,C4_Hi_ITH_Hi_WGII,Attenuated,0.6,3.0,0
gain_3q,3q,armSCNA,Gain,,,K096,LN_HI,subclonal,,private.to.primary,not_selected,F,68.0,Clear Cell,Y,IV,4.0,135,BAP1_driven,C4_Hi_ITH_Hi_WGII,Attenuated,0.6,3.0,0
gain_3q,3q,armSCNA,Gain,,,K096,LN_PA,subclonal,,private.to.primary,not_selected,F,68.0,Clear Cell,Y,IV,4.0,135,BAP1_driven,C4_Hi_ITH_Hi_WGII,Attenuated,0.6,3.0,0
gain_7q,7q,armSCNA,Gain,,,K096,THROMBUS_IVC,subclonal,,private.to.primary,not_selected,F,68.0,Clear Cell,Y,IV,4.0,135,BAP1_driven,C4_Hi_ITH_Hi_WGII,Attenuated,0.6,3.0,0
gain_7q,7q,armSCNA,Gain,,,K096,ADRENAL_IL,subclonal,,private.to.primary,not_selected,F,68.0,Clear Cell,Y,IV,4.0,135,BAP1_driven,C4_Hi_ITH_Hi_WGII,Attenuated,0.6,3.0,0
gain_7q,7q,armSCNA,Gain,,,K096,LN_HI,subclonal,,private.to.primary,not_selected,F,68.0,Clear Cell,Y,IV,4.0,135,BAP1_driven,C4_Hi_ITH_Hi_WGII,Attenuated,0.6,3.0,0
gain_7q,7q,armSCNA,Gain,,,K096,LN_PA,subclonal,,private.to.primary,not_selected,F,68.0,Clear Cell,Y,IV,4.0,135,BAP1_driven,C4_Hi_ITH_Hi_WGII,Attenuated,0.6,3.0,0
gain_16,16,armSCNA,Gain,,,K096,THROMBUS_IVC,subclonal,,private.to.primary,not_selected,F,68.0,Clear Cell,Y,IV,4.0,135,BAP1_driven,C4_Hi_ITH_Hi_WGII,Attenuated,0.6,3.0,0
gain_16,16,armSCNA,Gain,,,K096,ADRENAL_IL,subclonal,,private.to.primary,not_selected,F,68.0,Clear Cell,Y,IV,4.0,135,BAP1_driven,C4_Hi_ITH_Hi_WGII,Attenuated,0.6,3.0,0
gain_16,16,armSCNA,Gain,,,K096,LN_HI,subclonal,,private.to.primary,not_selected,F,68.0,Clear Cell,Y,IV,4.0,135,BAP1_driven,C4_Hi_ITH_Hi_WGII,Attenuated,0.6,3.0,0
gain_16,16,armSCNA,Gain,,,K096,LN_PA,subclonal,,private.to.primary,not_selected,F,68.0,Clear Cell,Y,IV,4.0,135,BAP1_driven,C4_Hi_ITH_Hi_WGII,Attenuated,0.6,3.0,0
loss_1p,1p,armSCNA,Loss,,,K096,THROMBUS_IVC,subclonal,,private.to.primary,not_selected,F,68.0,Clear Cell,Y,IV,4.0,135,BAP1_driven,C4_Hi_ITH_Hi_WGII,Attenuated,0.6,3.0,0
loss_1p,1p,armSCNA,Loss,,,K096,ADRENAL_IL,subclonal,,private.to.primary,not_selected,F,68.0,Clear Cell,Y,IV,4.0,135,BAP1_driven,C4_Hi_ITH_Hi_WGII,Attenuated,0.6,3.0,0
loss_1p,1p,armSCNA,Loss,,,K096,LN_HI,subclonal,,private.to.primary,not_selected,F,68.0,Clear Cell,Y,IV,4.0,135,BAP1_driven,C4_Hi_ITH_Hi_WGII,Attenuated,0.6,3.0,0
loss_1p,1p,armSCNA,Loss,,,K096,LN_PA,subclonal,,private.to.primary,not_selected,F,68.0,Clear Cell,Y,IV,4.0,135,BAP1_driven,C4_Hi_ITH_Hi_WGII,Attenuated,0.6,3.0,0
loss_10p,10p,armSCNA,Loss,,,K096,THROMBUS_IVC,subclonal,,private.to.primary,not_selected,F,68.0,Clear Cell,Y,IV,4.0,135,BAP1_driven,C4_Hi_ITH_Hi_WGII,Attenuated,0.6,3.0,0
loss_10p,10p,armSCNA,Loss,,,K096,ADRENAL_IL,subclonal,,private.to.primary,not_selected,F,68.0,Clear Cell,Y,IV,4.0,135,BAP1_driven,C4_Hi_ITH_Hi_WGII,Attenuated,0.6,3.0,0
loss_10p,10p,armSCNA,Loss,,,K096,LN_HI,subclonal,,private.to.primary,not_selected,F,68.0,Clear Cell,Y,IV,4.0,135,BAP1_driven,C4_Hi_ITH_Hi_WGII,Attenuated,0.6,3.0,0
loss_10p,10p,armSCNA,Loss,,,K096,LN_PA,subclonal,,private.to.primary,not_selected,F,68.0,Clear Cell,Y,IV,4.0,135,BAP1_driven,C4_Hi_ITH_Hi_WGII,Attenuated,0.6,3.0,0
loss_15q,15q,armSCNA,Loss,,,K096,THROMBUS_IVC,subclonal,,private.to.primary,not_selected,F,68.0,Clear Cell,Y,IV,4.0,135,BAP1_driven,C4_Hi_ITH_Hi_WGII,Attenuated,0.6,3.0,0
loss_15q,15q,armSCNA,Loss,,,K096,ADRENAL_IL,subclonal,,private.to.primary,not_selected,F,68.0,Clear Cell,Y,IV,4.0,135,BAP1_driven,C4_Hi_ITH_Hi_WGII,Attenuated,0.6,3.0,0
loss_15q,15q,armSCNA,Loss,,,K096,LN_HI,subclonal,,private.to.primary,not_selected,F,68.0,Clear Cell,Y,IV,4.0,135,BAP1_driven,C4_Hi_ITH_Hi_WGII,Attenuated,0.6,3.0,0
loss_15q,15q,armSCNA,Loss,,,K096,LN_PA,subclonal,,private.to.primary,not_selected,F,68.0,Clear Cell,Y,IV,4.0,135,BAP1_driven,C4_Hi_ITH_Hi_WGII,Attenuated,0.6,3.0,0
loss_17p,17p,armSCNA,Loss,,,K139,THROMBUS_IVC,subclonal,clonal,shared,selected,F,70.0,Clear Cell,N,III,3.0,80,PBRM1-->PI3K,C3_Lo_ITH_Hi_WGII,,0.5,1.0,1
loss_18q,18q,armSCNA,Loss,,,K139,THROMBUS_IVC,subclonal,clonal,shared,selected,F,70.0,Clear Cell,N,III,3.0,80,PBRM1-->PI3K,C3_Lo_ITH_Hi_WGII,,0.5,1.0,1
loss_10,10,armSCNA,Loss,,,K139,THROMBUS_IVC,subclonal,,private.to.primary,not_selected,F,70.0,Clear Cell,N,III,3.0,80,PBRM1-->PI3K,C3_Lo_ITH_Hi_WGII,,0.5,1.0,0
gain_16p,16p,armSCNA,Gain,,,K139,THROMBUS_IVC,subclonal,,private.to.primary,not_selected,F,70.0,Clear Cell,N,III,3.0,80,PBRM1-->PI3K,C3_Lo_ITH_Hi_WGII,,0.5,1.0,0
gain_5p,5p,armSCNA,Gain,,,K139,THROMBUS_IVC,subclonal,,private.to.primary,not_selected,F,70.0,Clear Cell,N,III,3.0,80,PBRM1-->PI3K,C3_Lo_ITH_Hi_WGII,,0.5,1.0,0
gain_11,11,armSCNA,Gain,,,K139,THROMBUS_IVC,subclonal,,private.to.primary,not_selected,F,70.0,Clear Cell,N,III,3.0,80,PBRM1-->PI3K,C3_Lo_ITH_Hi_WGII,,0.5,1.0,0
gain_12,12,armSCNA,Gain,,,K139,THROMBUS_IVC,subclonal,,private.to.primary,not_selected,F,70.0,Clear Cell,N,III,3.0,80,PBRM1-->PI3K,C3_Lo_ITH_Hi_WGII,,0.5,1.0,0
gain_13q,13q,armSCNA,Gain,,,K139,THROMBUS_IVC,subclonal,,private.to.primary,not_selected,F,70.0,Clear Cell,N,III,3.0,80,PBRM1-->PI3K,C3_Lo_ITH_Hi_WGII,,0.5,1.0,0
gain_16q,16q,armSCNA,Gain,,,K139,THROMBUS_IVC,subclonal,,private.to.primary,not_selected,F,70.0,Clear Cell,N,III,3.0,80,PBRM1-->PI3K,C3_Lo_ITH_Hi_WGII,,0.5,1.0,0
gain_20,20,armSCNA,Gain,,,K139,THROMBUS_IVC,subclonal,,private.to.primary,not_selected,F,70.0,Clear Cell,N,III,3.0,80,PBRM1-->PI3K,C3_Lo_ITH_Hi_WGII,,0.5,1.0,0
loss_4,4,armSCNA,Loss,,,K139,THROMBUS_IVC,subclonal,,private.to.primary,not_selected,F,70.0,Clear Cell,N,III,3.0,80,PBRM1-->PI3K,C3_Lo_ITH_Hi_WGII,,0.5,1.0,0
loss_22q,22q,armSCNA,Loss,,,K139,THROMBUS_IVC,subclonal,,private.to.primary,not_selected,F,70.0,Clear Cell,N,III,3.0,80,PBRM1-->PI3K,C3_Lo_ITH_Hi_WGII,,0.5,1.0,0
